{"type":"FeatureCollection","features":[{"type":"Feature","id":0,"geometry":{"type":"LineString","coordinates":[[25.445928861327957,76.284083638848927],[25.392993138822362,76.276039249911491],[25.376995027898261,76.273663917355975],[25.360781166917377,76.271373527566311],[25.344359556248548,76.269169249661218],[25.327738332957779,76.267052139444729],[25.310925667385675,76.265023222144066],[25.293929806315532,76.263083471724883],[25.27675913862339,76.261233889132711],[25.259422055883249,76.259475306240461],[25.241927082768711,76.257808610678921],[25.22428275024879,76.256234610938577],[25.206497693613699,76.254754083134458],[25.188580611106374,76.253367750321502],[25.170540250432282,76.252076250118932],[25.152385388974551,76.250880249823751],[25.134124860773738,76.249780306116293],[25.11576758260793,76.248776944200699],[25.097322472154417,76.247870693777543],[25.078798500150697,76.247061944253403],[25.060204667011817,76.246351111114961],[25.041549972253449,76.245738555889716],[25.022843499927603,76.245224555568825],[25.00409433318697,76.244809361063233],[24.985311556083502,76.244493193606047],[24.96650427785022,76.244276167411272],[24.947681583438396,76.244158417377093],[24.928852666617331,76.24414000016094],[24.910026611439037,76.244220916662016],[24.891212555914763,76.244401111122443],[24.872419611076225,76.244680527784169],[24.870225722139423,76.244719639299944],[24.868111471767065,76.244757972002844],[24.849352777608658,76.245147861384737],[24.830634499882308,76.245636611440545],[24.811965639003063,76.246224000037614],[24.793355332982287,76.246909722305872],[24.774812583134235,76.247693471576497],[24.756346388974748,76.248574833262012],[24.737965750019384,76.249553389177606],[24.719679583046343,76.250628694158991],[24.706469889373921,76.251469527896461],[24.699796917094091,76.251907916816947],[24.681693583192384,76.253148388587306],[24.663708860875261,76.254484083273894],[24.645851471768083,76.255914332680391],[24.628130194153186,76.257438417349135],[24.610553639039267,76.259055610627968],[24.59313041743485,76.260765139099931],[24.575869082791996,76.262566139415867],[24.558778083341906,76.26445777790417],[24.541865806162093,76.266439111176112],[24.525140555592202,76.2685091940441],[24.508610610791095,76.270666971603532],[24.492284055764628,76.272911416828492],[24.476168971820641,76.275241444237338],[24.460273361126781,76.277655917086975],[24.444605055878696,76.280153639279092],[24.444335916669274,76.280197610731193],[24.423524278023081,76.283596306124707],[24.40808763903334,76.286176193976246],[24.392893806204256,76.288836860732602],[24.381436860622671,76.290926416620891],[24.37191891722432,76.292692582596658],[24.357168389009985,76.295492056113574],[24.342681333376902,76.298368639301316],[24.32846502763897,76.30132088874808],[24.314526610614621,76.304347388920917],[24.300873082626708,76.307446638851331],[24.28751133338136,76.310617110591238],[24.274448139270248,76.313857277991019],[24.261690111209703,76.317165527667044],[24.249243750398819,76.320540221953763],[24.237115416843039,76.323979694407456],[24.22531130597207,76.32748230556399],[24.213837472021794,76.33104627836309],[24.202699861309611,76.334669860925374],[24.191904222302071,76.338351277989148],[24.181456138889757,76.342088721917037],[24.171361055568298,76.345880332911065],[24.161624278337854,76.349724222395025],[24.152250944125797,76.353618499993843],[24.143245944344926,76.357561222272636],[24.142625528145686,76.357840778329319],[24.139929555804429,76.359057777794249],[24.13132266700751,76.36305011117372],[24.123093861292716,76.367086833290784],[24.115247583109522,76.371165944053132],[24.107788027795323,76.375285417288239],[24.100719333130769,76.379443166568933],[24.094045278067199,76.383637166622009],[24.087769638857822,76.387865305839227],[24.081895832926421,76.3921254717132],[24.076427221938786,76.396415528353998],[24.071366888770967,76.400733332677191],[24.066717777803262,76.405076749692284],[24.062482556424868,76.409443611133781],[24.058663777811148,76.413831666897977],[24.055263749622384,76.418238778396983],[24.052284582567495,76.422662693728398],[24.04972813914236,76.427101194264765],[24.047596166729761,76.43155205598265],[24.045890139318544,76.436013055757996],[24.044611306066997,76.440481917406601],[24.04376074975886,76.444956361147206],[24.043339277985353,76.44943419443257],[24.043347583224431,76.453913082622705],[24.043786027902911,76.458390833170483],[24.044326083382089,76.461415361130094],[24.044838555754779,76.46384230577786],[24.045998583168114,76.468312972365823],[24.047588889415749,76.472776388619479],[24.049609056312931,76.477230278354739],[24.050138527670981,76.478260860950002],[24.053384167445415,76.484438972280827],[24.055935139395217,76.48887799981992],[24.058914555562353,76.4933024439527],[24.062321250425441,76.497710083353695],[24.065431889370245,76.501309332959408],[24.104940917189651,76.544793444262098],[24.109147443899474,76.549164027997563],[24.113778250066218,76.553511389439109],[24.118831360778699,76.557833306362056],[24.124304582590469,76.562127555642235],[24.130195527801391,76.56639199959119],[24.136501528123063,76.570624389004422],[24.143219749791683,76.574822555616493],[24.150347138709549,76.578984360839627],[24.157880361089838,76.583107666985313],[24.158083917239026,76.583215555953188],[24.202045250188178,76.606455332647556],[24.207215056030066,76.609129027882375],[24.258243555695572,76.634947917212685],[24.26650855642481,76.63899866695499],[24.275170639313615,76.643005110697345],[24.284225750218241,76.646965167408609],[24.290229610708025,76.649476139312412],[24.638645194320304,76.790986778117372],[24.64853752818442,76.794852999566331],[24.658813693597153,76.798667000082048],[24.669468721804094,76.802426777773633],[24.680497360764662,76.806130389206146],[24.6861262498266,76.807952888714908],[24.7308717781101,76.822248028124079],[24.742474278065515,76.825861889015016],[24.754436693898356,76.829414777669911],[24.766753082888499,76.832904861270379],[24.779417333243373,76.836330278219805],[24.792423083158837,76.839689306316473],[24.80576383323438,76.842980110943415],[24.81943286103774,76.846201056233838],[24.833423277762108,76.849350417288008],[24.847727971568702,76.852426556440491],[24.856710027845565,76.854287805937531],[24.858923471640935,76.854740000350773],[24.873721972391138,76.857694222010821],[24.888815388719252,76.860571083089098],[24.904196027824469,76.863369111395457],[24.914963167316387,76.865251471578233],[24.939213611119328,76.869419917395305],[24.952427417391448,76.871645222349173],[24.981928222009913,76.876511583442891],[24.998019582737584,76.87910080625727],[25.014369500352188,76.88160616729084],[25.030969528421053,76.884026305869384],[25.047811110794157,76.88635994405621],[25.064885499766035,76.88860591722937],[25.082183833417218,76.890762971733807],[25.099697111332659,76.892830028383173],[25.117416221581436,76.89480594413908],[25.135331917334156,76.896689750431676],[25.153434833051165,76.898480388758969],[25.171715499770528,76.900176943611143],[25.190164361296297,76.901778500377532],[25.208771749916366,76.903284249668445],[25.227527861221859,76.904693389288525],[25.246422861126177,76.906005138626313],[25.263718388892585,76.907112944207086],[25.267887222317484,76.907369360707492],[25.28702050029591,76.908493027631152],[25.306263500060538,76.909517443575226],[25.325606082654645,76.910442111214536],[25.345038083041175,76.91126647207011],[25.364549194090102,76.911990139433442],[25.384129167127412,76.912612722099482],[25.403767611386229,76.913133889117773],[25.423454138797524,76.913553360799028],[25.443178389171351,76.913870916809401],[25.462929889003249,76.914086388975704],[25.482698222345164,76.914199666681327],[25.502472916591898,76.914210694168275],[25.52224347215855,76.914119443557524],[25.54199950007694,76.913926000284732],[25.561730499862733,76.913630444389526],[25.581426055568045,76.9132329170655],[25.601075750345672,76.912733638646557],[25.620669194327888,76.912132888821816],[25.640196028224182,76.911431000340428],[25.6596459170255,76.910628278072636],[25.679008666916502,76.909725222041402],[25.698274000444826,76.908722250431595],[25.717431749875402,76.907619944205123],[25.736471860787788,76.90641883306273],[25.755384305741188,76.905119583402097],[25.77415911125405,76.903722888600498],[25.792786444139153,76.902229471712815],[25.811256499987508,76.900640139430948],[25.829559583208265,76.898955693950199],[25.847686139403834,76.897177056176247],[25.865626694216644,76.89530513892106],[25.883371832644002,76.893340944029376],[25.900912306058103,76.891285500325637],[25.91823899983001,76.889139888794887],[25.935342889262984,76.886905277656467],[25.952215082759892,76.8845827775732],[25.968846861393615,76.88217363860258],[25.985229582679153,76.879679138681354],[26.001354832559514,76.877100582725745],[26.017214250037682,76.874439306229078],[26.032799722329401,76.871696722026172],[26.04810322208607,76.868874250146575],[26.063116917112097,76.86597338886088],[26.077833166767277,76.862995667016492],[26.092244443726145,76.859942610762914],[26.106343443695039,76.856815832584687],[26.120122999976502,76.853616971945769],[26.133576167106469,76.850347694390621],[26.146696166894628,76.847009694242047],[26.15947638932397,76.843604693701707],[26.171910471690978,76.840134528285887],[26.183992222163397,76.836600972357019],[26.195715582907894,76.8330058326531],[26.207074806357298,76.82935102832738],[26.218064278044039,76.825638444358788],[26.228678611029125,76.821869972021659],[26.238912582949411,76.81804761140819],[26.248761278110521,76.814173305953375],[26.253059111189089,76.812416388605527],[26.255804278244909,76.811280444137253],[26.265084582987186,76.807334361091932],[26.273968305592859,76.803341277677873],[26.282451277704354,76.799303306402521],[26.290529417298842,76.795222500418106],[26.298198943626403,76.79110097223213],[26.305456333143297,76.786940832553455],[26.312298166627158,76.782744249647465],[26.318721361201881,76.778513361202727],[26.324723028245216,76.774250332786664],[26.330300443710541,76.769957361443119],[26.335451193817619,76.765636638819899],[26.340173027563196,76.761290388940381],[26.344463971834898,76.756920833129982],[26.348322221693252,76.752530193613609],[26.350504250370932,76.749788083353394],[26.351808582999752,76.748080805884513],[26.354960860555309,76.743660750443325],[26.357676944435468,76.739225500056818],[26.359955888553486,76.734777360586804],[26.361796943773982,76.730318528177577],[26.363199638852279,76.725851332972695],[26.364163639240587,76.721377999894855],[26.364441944340285,76.719463917026189],[26.364963249854156,76.715272861353526],[26.365300750129563,76.71079469441969],[26.365199972101095,76.706315943825814],[26.364661388812067,76.701838860575037],[26.363685750297179,76.697365666892097],[26.362273944187223,76.692898638961083],[26.360427138701539,76.688440082643751],[26.358146693615083,76.683992167104861],[26.355434166553607,76.679557166729921],[26.35229136065783,76.675137333421276],[26.348720249939618,76.670734860625373],[26.344723055724501,76.666351943587358],[26.340302222369701,76.661990833310369],[26.338823721637482,76.660623221684375],[26.336843667201549,76.65881844421591],[26.331871139341672,76.654489222099983],[26.326481361125957,76.650186833055955],[26.320677444208741,76.645913388692009],[26.3144626935985,76.641671056374207],[26.307840527618282,76.637461944113511],[26.300814693743177,76.633288111357331],[26.293389027581611,76.629151693995539],[26.285567583277384,76.625054721798051],[26.27735461102651,76.62099924971568],[26.276333222200492,76.620510806328696],[25.942124861173454,76.459135943968704],[25.755467555982989,76.367135250091792],[25.74712933335212,76.363111027651883],[25.738414249817822,76.359131749730523],[25.729326999841248,76.355199417319284],[25.719872389399313,76.351315944175553],[25.710055416923979,76.347483278230754],[25.699881194161833,76.343703333242274],[25.689355082870804,76.33997794382708],[25.678482528445954,76.336308971581843],[25.667269221797198,76.33269822234513],[25.655720916786947,76.329147472278066],[25.643843583114915,76.325658472360658],[25.631643305594139,76.322232943895301],[25.619126332714131,76.318872583003383],[25.606299028077729,76.31557905612857],[25.593167917165715,76.312353944279153],[25.579739693632007,76.309198832959851],[25.566021111385226,76.306115305876745],[25.552019111392951,76.303104861300369],[25.537740721856892,76.30016897232025],[25.523193139152113,76.297309083247626],[25.508383610914962,76.29452658263574],[25.493319555653045,76.29182283295745],[25.478008471913483,76.289199167008007],[25.462458000336483,76.286656860925461],[25.446675888581467,76.284197166566059],[25.445928861327957,76.284083638848927]]},"properties":{"FID":0,"OBJTYPE":"Territorialgrense","NAVN":"Territorialgrense 12 nautiske mil ved Hopen, Svalbard"}},{"type":"Feature","id":1,"geometry":{"type":"LineString","coordinates":[[20.011883444265607,74.47710408318693],[20.013221693926084,74.469968556303911],[20.014146667334899,74.461013193703991],[20.013567583077531,74.452055777951841],[20.011488139166318,74.443114361138896],[20.010307416554099,74.439728694223902],[20.006949694273032,74.430905916874622],[20.002816250069941,74.422016167012544],[19.997204110881057,74.413185249899414],[19.994729416729228,74.409903083260758],[19.982010167435305,74.393713110971362],[19.974404222277087,74.384991444399702],[19.969428972169396,74.380069389191021],[19.890252694306469,74.305133666585505],[19.880483750124995,74.296574000289922],[19.869313833066997,74.288141417192719],[19.8567674721412,74.279852777783503],[19.842871778309984,74.271724638581247],[19.827656500247315,74.263773166698343],[19.811153805803542,74.256014221679038],[19.793398333266509,74.248463193621546],[19.774427027685249,74.241135083217557],[19.754279111192091,74.234044389337157],[19.732995972386277,74.227205193564885],[19.710621110575858,74.220630972241622],[19.687199944222073,74.214334722369586],[19.66277988918057,74.208328860888287],[19.63752877783088,74.202650694374086],[19.561071750361066,74.186187944218318],[19.534859193596958,74.180787055778069],[19.50779930639294,74.175709861221151],[19.479946028286633,74.170966306150149],[19.458295055972087,74.167592221603797],[19.409994083160484,74.160348444225349],[19.380905194119464,74.156207693930014],[19.351177833190491,74.152424471811969],[19.320870666747908,74.149006221559944],[19.290043306353539,74.1459595828685],[19.258756306058729,74.143290556014392],[19.22707099962696,74.14100433278378],[19.195049443876769,74.139105361223471],[19.162754221729983,74.13759741668747],[19.130248499768527,74.136483360818488],[19.097595693686344,74.135765443720288],[19.064859556423414,74.135444999986817],[19.032103917361951,74.135522694217002],[18.999392694017672,74.135998360935673],[18.966789722068086,74.136871082834261],[18.934358610561503,74.138139167388715],[18.902162694252979,74.139800110886483],[18.870264943672282,74.141850666774928],[18.838727722306601,74.144286860949933],[18.807612833365624,74.147103889233165],[18.776981332722357,74.15029630622962],[18.746893388619014,74.153857832872745],[18.717408278069627,74.15778147243708],[18.688584167425461,74.162059611262123],[18.660478110576378,74.166683805613218],[18.633145860992727,74.171644972337674],[18.606641778195581,74.176933443723499],[18.582621889088955,74.182172888568005],[18.580336556187149,74.182692944024211],[18.555583528057412,74.188584749886331],[18.531809417370766,74.194771500104707],[18.509062277602084,74.201241055630248],[18.487388222388574,74.207980638895435],[18.466831417436026,74.214976888672538],[18.452550667179594,74.220239888560059],[18.211435972192419,74.311534443759626],[18.192694527930144,74.318921278094592],[18.175183778009,74.326527222353491],[18.158940250192416,74.334337167026717],[18.144734555555317,74.341919749596798],[18.069389638720907,74.384213388736953],[18.055636667298415,74.392371139016916],[18.043247306418095,74.40068644422405],[18.03224844401052,74.409142721759281],[18.022664250254991,74.417723056274099],[18.014516278303631,74.426410277912055],[18.00782319358558,74.435186944322083],[18.002600833161978,74.444035417100849],[17.998862194035098,74.452937888772624],[17.996617277565349,74.46187641696315],[17.995873166813226,74.470832972064045],[17.996633861063913,74.479789417447705],[17.998900361262713,74.488727611090439],[18.00267063943852,74.497629417263852],[18.007939528086808,74.506476749702301],[18.014698777726437,74.515251556314354],[18.022937082980036,74.523935972067534],[18.032639999836192,74.532512249740591],[18.043790083245767,74.540962832768571],[18.056366721646953,74.549270389417018],[18.065091139244714,74.554468471742609],[18.084854250223543,74.565792638719358],[18.099732610771412,74.573828333011193],[18.108748861071149,74.578290222216026],[18.134124667019819,74.590459110699442],[18.151141722412603,74.598192306329906],[18.169467610641789,74.605712778122268],[18.189066305765436,74.613005000180692],[18.209899000238693,74.620053889075791],[18.231924139087823,74.626844805643316],[18.255097582687313,74.633363694379057],[18.279372556398414,74.639597027680736],[18.304699861009851,74.645531777969211],[18.331027943784648,74.651155666800662],[18.3506702776113,74.655024111373677],[18.367951527740843,74.65831033305551],[18.395888250342523,74.663369056436864],[18.424673916767915,74.668086471813297],[18.454249110608032,74.672452666857168],[18.48455261141396,74.676458555717829],[18.51014369437604,74.679495999740652],[18.544471721592743,74.683362749990977],[18.558268694144942,74.684872333091732],[18.642684388973407,74.693826388976731],[18.674453999652428,74.696968306342342],[18.70673836068687,74.699725110625423],[18.73946997166189,74.70209094364219],[18.772580278157363,74.704060916678031],[18.805999917262398,74.70563083259691],[18.807169222081995,74.705678278130108],[18.975961610839704,74.712425693590944],[19.009654222064739,74.713552917333345],[19.043508527796348,74.714274194298696],[19.077453361083769,74.714587972257164],[19.111417388601637,74.714493583012484],[19.145329222165913,74.713991221717549],[19.179117583309846,74.71308197205542],[19.212711472356602,74.711767749582009],[19.246040388752988,74.710051278343883],[19.256824888757649,74.709406083124293],[19.280520778211383,74.707938167412578],[19.313384278361809,74.705690722049212],[19.345820889222693,74.703050778370766],[19.360954444092386,74.701670749805317],[19.371434916588157,74.700681305797673],[19.403115999803617,74.697472528334572],[19.434204417200135,74.69388641692467],[19.464635472449118,74.689930499792808],[19.494345917130431,74.685613056097736],[19.50390711072464,74.68412230569993],[19.534374471604622,74.679286999995099],[19.563015527944287,74.674499861079767],[19.590795193843178,74.669373471808342],[19.617656277815001,74.663918527817884],[19.643543806101832,74.658146389344438],[19.668404916553698,74.65206913877978],[19.69218911133845,74.645699361236609],[19.694626249801615,74.645012888933707],[19.703217222396972,74.642580889196722],[19.72574822180303,74.635902416663271],[19.747103971870843,74.628960028182803],[19.761908861404891,74.623740277591821],[19.871483139035661,74.58361341732541],[19.890607860864122,74.576239527832001],[19.908449082858965,74.568642750362699],[19.924971806103997,74.560838805966171],[19.940143943688099,74.552843778117904],[19.953936333295189,74.544674138800531],[19.966322721916129,74.536346638786426],[19.977279999672305,74.527878417355112],[19.98678794440815,74.51928683322086],[19.991916110739965,74.513940443696583],[19.992064667050784,74.513776055720427],[19.999195610988693,74.505022305834814],[20.004839055577975,74.496191528116583],[20.008986028282607,74.487301721597248],[20.011630610664213,74.478370971643074],[20.011883444265607,74.47710408318693]]},"properties":{"FID":1,"OBJTYPE":"Territorialgrense","NAVN":"Territorialgrense 12 nautiske mil ved Bjørnøya, Svalbard"}},{"type":"Feature","id":2,"geometry":{"type":"LineString","coordinates":[[17.191349110872807,76.28957647217652],[17.021647333058013,76.267644971638163],[17.004998693934624,76.265540833242937],[16.988159860788983,76.263525055936611],[16.97113908310223,76.261598583108196],[16.953944749750463,76.259762388723345],[16.936585278387952,76.258017361312227],[16.919069166708709,76.256364332747808],[16.901404971762076,76.254804110621251],[16.88360138909286,76.25333747194685],[16.865667055790027,76.251965111001141],[16.847610750136084,76.250687722060775],[16.829441250413424,76.249505888785791],[16.811167443722582,76.248420193936852],[16.792798193781664,76.247431167214643],[16.7743424173687,76.246539305944282],[16.755809139180485,76.245745028310466],[16.737207332652304,76.245048721921023],[16.718545999997957,76.244450722223121],[16.69983427832932,76.24395133318751],[16.681081167162176,76.243550777846167],[16.662295778427506,76.243249249553287],[16.643487278015527,76.243046917381378],[16.624664722099283,76.242943861370179],[16.605837249589456,76.242940139076211],[16.587014028174906,76.243035721721242],[16.568204139209683,76.243230611103854],[16.549416721604473,76.243524693909535],[16.53066086120981,76.243917833441344],[16.51194569423842,76.244409805767987],[16.493280277762665,76.245000416636003],[16.474673694035801,76.245689361175152],[16.456134944372252,76.246476305736962],[16.437673056166659,76.24736086091508],[16.419297000156462,76.248342583343629],[16.401015694019122,76.249421055737173],[16.382838083310958,76.250595694435788],[16.364772972394803,76.251865943658402],[16.34682916743219,76.253231193664703],[16.329015471886578,76.254690778057011],[16.311340528242852,76.256243999860772],[16.293812999670251,76.257890082961012],[16.276441471996407,76.259628250343553],[16.259234443814591,76.261457638659181],[16.24220036065816,76.263377333297342],[16.225347555645214,76.265386471808256],[16.208684360994539,76.267484000186528],[16.192218972227863,76.269668943566955],[16.175959500330748,76.271940221863815],[16.159913971752417,76.274296693837414],[16.144090332902579,76.276737277603331],[16.128496443855852,76.27926072220464],[16.113140027989971,76.281865833341612],[16.098028722347692,76.284551333077616],[16.083170056053291,76.2873158886174],[16.068571444016982,76.290158139286746],[16.054240249887698,76.293076721713419],[16.040183582806151,76.296070194284084],[16.03457055598642,76.297303472377394],[15.913536499909583,76.324056388591544],[15.899824444042906,76.327145943830317],[15.886403666895774,76.330306916930738],[15.873280971839449,76.333537778146024],[15.860463000367247,76.336836916790332],[15.847956250080927,76.340202750056903],[15.835767110663653,76.343633610602694],[15.82390186118198,76.347127805903597],[15.812366527992936,76.350683611059878],[15.801167111373161,76.354299277789494],[15.790309360688468,76.357973000253821],[15.779798944365837,76.361702971714806],[15.777733444442958,76.36245761083012],[15.586669722030081,76.432180193760985],[15.576480193706004,76.435967527579407],[15.566650833069559,76.439807278383228],[15.557186832806167,76.443697582777304],[15.554041139187291,76.445036611250657],[15.183708749958896,76.602021666866506],[15.164926944123238,76.609873832911092],[14.691322250421592,76.751947278244359],[14.657821861189973,76.761851722379163],[14.64601122214026,76.765421250290501],[14.634547972311111,76.769050166731859],[14.623438028342377,76.77273677827975],[14.612687166579519,76.776479166680247],[14.602301027570434,76.780275555772334],[14.598689250408654,76.781641027911178],[14.217116360831426,76.925358028350388],[14.022350527954529,76.961092027774896],[14.007061277955643,76.963947666651563],[13.99205397171346,76.966879333314637],[13.977336111372495,76.969885582553673],[13.962915083064672,76.972964971856015],[13.948798221660638,76.976115943595971],[13.934992583241183,76.979337000402325],[13.921505249967367,76.982626527991954],[13.909964250150097,76.985561333288956],[13.545475944259465,77.079156999995632],[13.532417750378954,77.082552500097847],[13.51969769439313,77.086012221686758],[13.507322278400466,77.089534444359174],[13.495297889386109,77.093117444114796],[13.483630749759357,77.096759471772259],[13.472326888575083,77.100458722392204],[13.461392221573817,77.104213361357608],[13.450832444162018,77.1080215558502],[13.440653082673691,77.111881417293603],[13.430859527645111,77.115791028333319],[13.421456999640895,77.119748443735773],[13.412450471911825,77.123751721864551],[13.403844806192922,77.127798860828818],[13.395644610610361,77.131887889314669],[13.387854388968947,77.136016721794306],[13.382792694227533,77.138846444008266],[13.086970389272096,77.305613082877528],[13.016918056423208,77.344434861379796],[13.009593555897936,77.348616000228276],[13.002695556155061,77.352832000396575],[12.996227944064401,77.357080750276452],[12.990194360981036,77.36136013915916],[12.98459827828799,77.365668056335778],[12.97944288857849,77.370002305661956],[12.974731278325862,77.374360750348387],[12.970466194059668,77.378741194250779],[12.966650305866949,77.383141471801537],[12.963285916911559,77.387559332896956],[12.960375222438586,77.391992556211562],[12.957920166782344,77.396438943802252],[12.955922444265468,77.400896250061976],[12.954383555856452,77.405362222188842],[12.954262667188402,77.40578188902299],[12.93723336123071,77.465634721865001],[12.829341222319613,77.643263222220014],[12.795742472437212,77.697559222380278],[12.608652056447283,77.83566486064484],[12.602983527967467,77.839981028201919],[12.59777341720951,77.8443228893899],[12.593024833129618,77.848688221983934],[12.588740639169202,77.853074889194829],[12.584923500019556,77.857480693978914],[12.581575806078661,77.86190338893033],[12.578699749893588,77.866340777904611],[12.576297306375636,77.870790638677079],[12.574370194129187,77.875250722043234],[12.572919888941783,77.879718750020345],[12.571947639072334,77.884192528262645],[12.571454472446021,77.888669750009001],[12.571441139097317,77.893148166954404],[12.571649888831359,77.895713167428767],[12.581547389300624,77.983359500440656],[12.51352383255886,78.000505443971122],[12.080933638976319,78.001963666789834],[12.059402528304076,78.00206924989601],[12.037887638703637,78.00227386094997],[12.016399360941818,78.002577444193776],[12.007102278447462,78.002739638723426],[11.870029944126657,78.005234444414157],[11.848588500359028,78.0056691389197],[11.82719772169753,78.006202361349949],[11.805867917070771,78.006833860794075],[11.784609416991032,78.007563333281269],[11.763432417072465,78.008390417283977],[11.742347221746911,78.009314750375495],[11.721363943890935,78.010335833432009],[11.7004927782192,78.011453222188493],[11.679743806131796,78.012666360863932],[11.659127082948544,78.013974638818581],[11.638652583050316,78.01537744361417],[11.618330250240888,78.01687411065177],[11.598170000445236,78.018463916876328],[11.578181583213563,78.020146082575707],[11.558374749894824,78.021919777675635],[11.538759167301805,78.02378416670598],[11.519344388932439,78.02573833325755],[11.50013997188222,78.027781360921153],[11.48115525021467,78.029912221771667],[11.462399611053229,78.03212991666237],[11.443882222086927,78.034433333131858],[11.425612194347366,78.03682138929571],[11.407598583108154,78.039292916934642],[11.38985030604681,78.0418466938699],[11.372376082989888,78.044481499721485],[11.355184667038827,78.047196055653501],[11.338284555887583,78.049989027971321],[11.321684222049271,78.052859082980376],[11.305391971662232,78.05580477816801],[11.289415943590996,78.058824722283191],[11.27376419396245,78.061917389176244],[11.259798889007584,78.064795943677893],[11.151639833111858,78.087479861106772],[11.13657244406312,78.090701556431725],[11.12185191723222,78.093991666782074],[11.107485722388219,78.09734855629091],[11.093481194401647,78.100770555816553],[11.079845527848875,78.104256027693566],[11.066585750032402,78.107803249720234],[11.057762806308517,78.11025663893281],[10.539271693833655,78.254508833116233],[10.252877417159141,78.332321471658645],[10.239781443658728,78.335932416947514],[10.22708250015728,78.339601444051482],[10.214787193973848,78.343326805587651],[10.202901972348172,78.347106611181232],[10.191433082870503,78.350939028013784],[10.180386583374172,78.354822166609779],[10.169768360821251,78.358754111413191],[10.159584055759638,78.362732917190442],[10.149839193623961,78.366756610828986],[10.140539000374645,78.370823194035211],[10.131688583261564,78.374930693696626],[10.123292777939412,78.379077027882602],[10.11535625009094,78.383260138944308],[10.111780721902846,78.385241305841646],[9.8079621390415355,78.553760443689555],[9.6496221936093889,78.639563805924979],[9.6420389167626581,78.643785471822127],[9.63493433285322,78.648039499823142],[9.6308271389613651,78.650656110591115],[9.5199721673816953,78.722549943824902],[9.5135658890545756,78.726849249992938],[9.5076511666680403,78.731175527728453],[9.504607250224467,78.733567028295795],[9.4963512220313078,78.740223861342201],[9.4911993064029048,78.744587556270744],[9.4865477780575702,78.748972693734913],[9.4823995004366566,78.753377082986049],[9.478757139130721,78.757798500000831],[9.4756231393964185,78.762234778312404],[9.4729996389222606,78.766683611159806],[9.4710731939727566,78.770704499812894],[9.4244938608030679,78.87879552829105],[9.4228119172362312,78.883261861046094],[9.4216502782377916,78.887734361351761],[9.4210101111277709,78.892210750325944],[9.4208923610936495,78.89668880574385],[9.4212977781699578,78.901166221743779],[9.4222266942066426,78.905640750020666],[9.4236793061551225,78.910110110793028],[9.4256555276805329,78.914572027876829],[9.4281549172156929,78.919024278147958],[9.4311768614230687,78.923464527865747],[9.4347204438934114,78.927890582684313],[9.4387844721257466,78.932300110661629],[9.4433674442522033,78.936690916552607],[9.448467693829059,78.941060750253484],[9.454083138925796,78.945407332882155],[9.4602115564182441,78.949728471891547],[9.4668503607555863,78.954021944157432],[9.4739967496503255,78.958285556233477],[9.4816476114481816,78.962517083196872],[9.4897995826846682,78.966714361278832],[9.4984490004210897,78.970875222213806],[9.5062434722584612,78.974405638609369],[9.5132132783701309,78.977477639081826],[9.5227805279990321,78.981565028103603],[9.5328334439083733,78.985609916964165],[9.5433674170727159,78.989610194055274],[9.5543774436641229,78.993563778345731],[9.5629681392682642,78.996505110922214],[10.006401500129186,79.143036417396786],[9.797484472430483,79.295293221704867],[9.7917098329425016,79.29964083315798],[9.7864588605879703,79.304011389014477],[9.784078222032349,79.306160499807277],[9.5917724720220008,79.481749278406539],[9.5768684718025838,79.495114694187862],[9.5722382223161731,79.499512333127711],[9.5681482504414817,79.503927777744821],[9.5646012784263235,79.508358832793931],[9.5615997776076824,79.512803277849059],[9.561078222082358,79.51367130618587],[9.5535704720996364,79.526409027554621],[9.5512176387830436,79.530866472309924],[9.5510870833023205,79.531149249738121],[9.4679628059387824,79.709641250343509],[9.447237721643603,79.753203332867599],[9.4453874168958123,79.757669082861923],[9.4441011111773605,79.762141083144513],[9.4433801669611626,79.766617110591255],[9.4432256670309584,79.771094861138977],[9.4436384720378896,79.775572110764358],[9.4446190559247611,79.780046583283251],[9.446167721763004,79.784515999813607],[9.4482843607347036,79.788978083271957],[9.4509686670703559,79.793430555675684],[9.454219999553402,79.797871193900562],[9.4580374165935268,79.802297693883531],[9.4624197220925339,79.806707806420206],[9.467365389001543,79.81109927780949],[9.4728726105825558,79.815469860645635],[9.4789392779254058,79.819817305724143],[9.4855629718537102,79.824139389021639],[9.4927409719183515,79.828433917091672],[9.5004703328396545,79.832698611052137],[9.5087477217300034,79.836931361093491],[9.5175695278115313,79.841129917112028],[9.5269319172742257,79.845292138721277],[9.5368306390228099,79.849415861253078],[9.54726125040645,79.853498972199873],[9.55821897242771,79.857539332973886],[9.5696987221184031,79.861534832866312],[9.5816951673980952,79.865483443905873],[9.5942026389406578,79.869383083262733],[9.6072152497840193,79.87323172206635],[9.6207267217608319,79.877027333244882],[9.6347305833497785,79.880767971564694],[9.6492200563605479,79.884451666611199],[9.6641880829137676,79.88807650013041],[9.6796273056556856,79.891640555667152],[9.6955301666839091,79.895141971624753],[9.7118887501657127,79.898578916983467],[9.7286949442163291,79.901949583206772],[9.7459403608590378,79.905252194133482],[9.763616306347501,79.908485027562051],[9.7817139169637244,79.911646361290593],[9.8002240277167516,79.914734527976123],[9.8191371939263945,79.917747916932854],[9.8264053060600531,79.918869582865],[10.525979389337408,80.024055639256403],[10.545835722240838,80.026922139245414],[10.566070471874809,80.029709333419078],[10.586673250170406,80.032415721708276],[10.607633360591194,80.03503986070109],[10.628940028359693,80.037580388823926],[10.650582138754771,80.040035943603982],[10.672548471834546,80.042405194044534],[10.694827527968073,80.044686917067622],[10.716750028091383,80.046817667301582],[11.107668471822592,80.083465500232705],[11.130694888858102,80.085544582616478],[11.15399636084345,80.087532305571528],[11.177560639012313,80.089427610595806],[11.201375249768034,80.091229528220197],[11.225427667353017,80.092937055700645],[11.249705082723437,80.09454930630551],[11.274194694029973,80.096065388806721],[11.298883444015758,80.097484527988627],[11.323758193585832,80.098805944139087],[11.348805749685653,80.100028916901067],[11.374012722309317,80.10115280595727],[11.399365693571951,80.10217702764777],[11.424851055831596,80.10310100011111],[11.45045522213087,80.103924222425007],[11.476164500291532,80.104646306082202],[11.50196511090121,80.105266805918404],[11.527843193608533,80.10578541706343],[11.553784943820176,80.106201860727367],[11.579776388769403,80.10651591657637],[11.605803582669239,80.10672738855817],[11.631852611209069,80.106836193935237],[11.657909444065638,80.10684224996993],[11.683960111170222,80.106745582742519],[11.709990610977968,80.106546221930671],[11.735987000399803,80.106244278150996],[11.761935332749431,80.105839916878722],[11.78782166673659,80.105333361145767],[11.813632139311835,80.104724860963643],[11.839352917103497,80.104014777859788],[11.864970221598469,80.103203471563006],[11.89047033273971,80.102291361157427],[11.915839639287981,80.101278971847137],[11.941064556084427,80.100166806353116],[11.966131611284879,80.098955499596684],[11.991027500318921,80.097645666714186],[12.015738888938643,80.096238055941569],[12.040252693806849,80.094733360656107],[12.064555833385043,80.093132417227309],[12.088635471649752,80.091436082709095],[12.112478832831926,80.089645278007254],[12.136073332718183,80.087760943812555],[12.159406471631428,80.085784082869168],[12.159835111001598,80.08574666657546],[12.574505083442887,80.049164278208934],[13.145776056020225,80.065287500118075],[13.565891611408802,80.159026639268063],[13.582181472297179,80.162533556378605],[13.598940333229848,80.165976110808913],[13.616159916846755,80.169352528196669],[13.63383163911891,80.172661000005178],[13.635043555615653,80.172882388811274],[13.638255388975097,80.173468138843589],[13.656402139447209,80.176702000197224],[13.674982389225931,80.179864388830538],[13.693986722409363,80.182953611320158],[13.713405527942825,80.185968028202012],[13.733228889002078,80.188906055769905],[13.753446666630396,80.191766139096103],[13.757384110788109,80.192307778281418],[13.765441638820619,80.193410972138736],[13.786120749772806,80.19617563919445],[13.807171222274121,80.198859083080265],[13.828582138554907,80.201459861283638],[13.850342472027535,80.203976611331598],[13.872440832778238,80.206408000428951],[13.894865777833445,80.208752721860662],[13.917605555751834,80.211009528267198],[13.940648249617084,80.213177221751437],[13.963981805815763,80.21525463859075],[13.987593944105299,80.217240667223052],[14.011472222365228,80.219134277924638],[14.035604027603824,80.220934416690056],[14.059976583152832,80.222640139231089],[14.076961638868568,80.223763806154807],[14.088574139285129,80.224513777788673],[14.113328138682675,80.226056917292965],[14.138287777958624,80.227503305932885],[14.163439694086662,80.228852138815228],[14.188770556416102,80.230102721663343],[14.214266805868419,80.231254361099957],[14.239914888761177,80.232306471666391],[14.265701028379794,80.233258472400621],[14.291611444412695,80.2341098327027],[14.317632306186056,80.234860111005389],[14.322576582743125,80.234990917396999],[14.336602832954441,80.235356389285982],[14.362738750393078,80.235984832833822],[14.388954333375807,80.236511388589747],[14.400184443857029,80.236705360663905],[15.45301247234778,80.252363722108157],[16.043727444066349,80.259716944281593],[16.769234000149027,80.293053111012341],[16.853425056021592,80.353940806323237],[16.859788471760623,80.358289693914287],[16.86674022218358,80.362613360917919],[16.874277528385278,80.366909583310701],[16.882397249933206,80.37117616674675],[16.891095972101482,80.375410889001387],[16.900369971696875,80.379611555728786],[16.910215193676322,80.383775999562772],[16.92062727812646,80.387902110693915],[16.931601527888233,80.391987666897364],[16.943132972408819,80.396030639302637],[16.94865088872757,80.397884694223308],[17.078852999766184,80.44084405560875],[17.09129811141878,80.444816249570295],[17.104288667288188,80.448740499774317],[17.117818555581948,80.45261472159217],[17.131881361435717,80.456436888851385],[17.146470360618707,80.46020505631833],[17.161578556405289,80.4639171942232],[17.17719861122697,80.467571360929639],[17.193322916819227,80.471165693941657],[17.209943583429663,80.474698249824428],[17.227052388556956,80.478167193960871],[17.244640889365598,80.481570694432037],[17.254630638693072,80.483435249836987],[17.988209916854203,80.615980221610016],[18.713697305686139,80.742068194191859],[19.178210138587076,80.905133361115759],[19.202523805629198,80.913495888824286],[19.214658417352155,80.917542667160433],[19.227377443614159,80.9215448885858],[19.240675028030182,80.92550044419022],[19.254545000351527,80.929407306002417],[19.268980833298883,80.933263389393971],[19.283975666843617,80.937066722151542],[19.299522389147,80.940815278102662],[19.315613471984193,80.944507111114319],[19.332241138917482,80.948140277751691],[19.349397278061986,80.95171288943834],[19.367073499642345,80.955223000041485],[19.385261082932686,80.958668833399997],[19.403950999638994,80.962048527917261],[19.42313391659701,80.965360332613329],[19.442800249731818,80.968602444347368],[19.462940110997351,80.971773193977754],[19.483543277800095,80.974870888980377],[19.504599306312969,80.977893861112875],[19.526097499999651,80.980840556346664],[19.548026806192183,80.983709361298054],[19.570375999552766,80.986498777696511],[19.593133556168709,80.989207277593835],[19.616287667042229,80.991833472436838],[19.639826389176562,80.994375943994669],[19.663737417148127,80.996833306412043],[19.688008306138443,80.999204278154991],[19.712626333438607,81.00148758308552],[19.737578610864261,81.003681999924424],[19.762851972340684,81.005786361351568],[19.788433110599613,81.007799500046929],[19.794780861047968,81.008281333416846],[19.800232332756025,81.008692082573589],[19.8261804717514,81.010589667379293],[19.85240569366789,81.012393721792876],[19.878894111174361,81.01410322238587],[19.905631639088938,81.015717305809062],[19.932604027653781,81.017235055653373],[19.95979686073656,81.018655694005133],[19.987195610688957,81.019978416870515],[20.014785639245929,81.021202528174172],[20.042552111191014,81.02232738939756],[20.070480167026119,81.023352361122647],[20.098554778180528,81.02427691724597],[20.126760861224795,81.025100555945983],[20.155083222113035,81.025822805977782],[20.183506611041309,81.026443305813984],[20.212015722447688,81.02696172180606],[20.240595167133279,81.027377749983259],[20.269229500141364,81.027691167313606],[20.297903333172314,81.027901832603561],[20.326601110652803,81.028009610954825],[20.353254277662813,81.028017527686814],[20.361486917187506,81.028006166551393],[20.390187056287687,81.027914778344382],[20.418865694396345,81.027720499601458],[20.447507332597354,81.027423443637076],[20.476096499853611,81.027023749846251],[20.50461780606696,81.026521638562826],[20.533055861139133,81.025917388576659],[20.561395306448276,81.025211305657308],[20.589620888593174,81.024403806190776],[20.617717444104812,81.023495305663857],[20.645669805916839,81.022486278019358],[20.67346300031727,81.021377278138914],[20.701082083271558,81.02016894364192],[20.728512250140284,81.018861860886204],[20.755738832980796,81.017456805986853],[20.782747278064505,81.015954444442116],[20.809523138681982,81.014355666580798],[20.836052166874026,81.012661306074449],[20.862320249579909,81.010872249654653],[20.888313416730853,81.008989500065411],[20.914017888914486,81.007014027675268],[20.939420082770653,81.004946917066604],[20.96450661099135,81.002789278002808],[20.989264249945222,81.000542249924933],[21.013679972053126,80.998207055910939],[21.022566971788365,80.997326694271578],[21.024490888743571,80.997134305903558],[21.048417360772646,80.994680416667961],[21.071971972128836,80.992141388614243],[21.09514252800534,80.989518583315999],[21.117916944211629,80.986813389326528],[21.140283472004683,80.984027222178611],[21.155274943883626,80.982084388883493],[22.019092888725879,80.86586833285736],[22.084178917023451,80.856908277594982],[22.961498193986529,80.745534999740528],[23.003990249650371,80.740018055588848],[24.025060639237154,80.812714388957943],[24.519755277584068,80.846507528199936],[24.545795499962423,80.848206306176166],[24.572078583359996,80.849809556365983],[24.583678028318388,80.850482332893421],[24.586507861148903,80.850643861025446],[24.613116667300403,80.852108028362863],[24.639933917416386,80.853474666922409],[24.66694530598113,80.854743027568702],[24.694136361104256,80.855912471783199],[24.721492556036708,80.856982333168219],[24.748999167077955,80.85795205594269],[24.776641444447137,80.858821111305303],[24.804404527746783,80.859589000132303],[24.83227349992211,80.860255360896247],[24.860233361180747,80.860819805989308],[24.888269028093248,80.861282027843345],[24.916365417230281,80.86164180612451],[24.944507360626233,80.861898889022541],[24.970391193598743,80.862044500053685],[24.976154499830329,80.862067194445501],[25.004341472281169,80.862126528116846],[25.032529639031679,80.862082972151484],[25.060703750277924,80.861936499569879],[25.088848611074582,80.861687249766817],[25.116949083133704,80.861335306379317],[25.144989972409348,80.860880888842019],[25.172956193673429,80.860324221985309],[25.200832694073597,80.859665610679428],[25.228604472018844,80.858905444330844],[25.256256555595598,80.858044082668357],[25.283774082607863,80.857082028412947],[25.311142332952329,80.856019777990412],[25.338346555948874,80.85485791685943],[25.36537222215037,80.853597082639283],[25.392204860565926,80.852237917446018],[25.418830110821034,80.850781166817455],[25.445233778016473,80.849227611365222],[25.471401777869801,80.847578082962229],[25.497320194271595,80.845833499816194],[25.522975278386411,80.843994778336423],[25.548353417176486,80.842062888891292],[25.573441193656208,80.84003888908353],[25.598225360811796,80.837923860797616],[25.622692861386497,80.835718917394161],[25.646830833276397,80.833425249575669],[25.670626611329112,80.831044083118002],[25.694067805584837,80.828576722038122],[25.717142139398277,80.826024444272718],[25.739837639195741,80.82338861139533],[25.762142528355071,80.820670638938907],[25.784045277567543,80.81787199999286],[25.805534639012421,80.814994138868485],[25.826599583404118,80.812038611392836],[25.84722927840852,80.809006971594499],[25.867413278400136,80.805900832857219],[25.887141332906253,80.802721860725342],[25.898010111077838,80.800906360640113],[26.656676443563072,80.669921833126182],[27.085564139073824,80.593502027696502],[27.103730500162499,80.590151277859263],[27.12141844440572,80.586733667025158],[27.138619222299326,80.583250972254632],[27.155324249814328,80.579705083023214],[27.171525361106603,80.576097806068958],[27.187214610665819,80.572431083028107],[27.202384389328131,80.568706806074317],[27.21702730556575,80.564926916843774],[27.231136388733432,80.561093444207131],[27.244704860640866,80.557208333397909],[27.257726361282607,80.553273639367035],[27.270194722208714,80.549291417065319],[27.282104194053375,80.545263722342952],[27.29344927836155,80.541192693787821],[27.304224805830188,80.537080389048754],[27.314425917422227,80.532928971894592],[27.324048111131447,80.528740610590773],[27.333087138560643,80.524517443725131],[27.341539111041186,80.520261638663726],[27.349400443875425,80.515975443711795],[27.356667916591107,80.511661000155073],[27.363338583009238,80.507320611157354],[27.369409806317549,80.502956417104997],[27.37487930583535,80.498570722061231],[27.379745111147997,80.494165777928345],[27.382445582797459,80.491439110826377],[27.493839917378352,80.372338444263846],[28.286930250031048,80.336806722152573],[28.312564250439834,80.33557136122937],[28.338019389183501,80.334237610877096],[28.363282138659827,80.332806194150578],[28.38833900004488,80.331277861084459],[28.413176666969662,80.329653472329937],[28.43778197156081,80.327933832780218],[28.462141861058115,80.326119917300389],[28.486243471559021,80.324212666581332],[28.499456305664012,80.323118222228231],[28.561327083178412,80.317902666974533],[28.584976778055932,80.315848306054534],[28.608335582720997,80.31370333304244],[28.631391250206093,80.311468971915588],[28.654131693622787,80.309146333336685],[28.676545028430382,80.306736722222013],[28.698619556247593,80.304241388629237],[28.720343833201412,80.301661667152302],[28.741706527834026,80.298998943646382],[28.742091027578908,80.29894983256878],[28.921393111403006,80.27593841712428],[28.942277027662726,80.273181721659171],[28.962776777826093,80.270345110638402],[28.982881861408828,80.267430083231829],[29.002582000059306,80.264438194367244],[29.021867110578739,80.261371027750783],[29.040727417336484,80.258230194068233],[29.05915333266023,80.255017360662748],[29.077135582740993,80.251734221856907],[29.087842000008322,80.249705611225011],[29.119283666607998,80.24365866691403],[29.13651244399415,80.24026458324397],[29.15327463871364,80.236804805897123],[29.169561971607777,80.233281166792494],[29.185366361368551,80.229695528425964],[29.190235806237524,80.228555332862356],[29.198739611144163,80.226548416576236],[29.213891221702568,80.222883750284893],[29.228542417098936,80.219161500403004],[29.242686110675493,80.215383611264713],[29.256315499960408,80.211552055982679],[29.26942408285521,80.207668805870753],[29.282005638749297,80.203735916779181],[29.294054222224645,80.19975544365883],[29.305564222410965,80.195729444158587],[29.316530333308265,80.191660000208913],[29.326947555585264,80.187549221619349],[29.336811111143902,80.183399277554656],[29.346116639171612,80.179212277824433],[29.354860027967959,80.174990388895367],[29.363037500380415,80.170735832992364],[29.370645556247496,80.166450749602461],[29.377681000278017,80.16213736095051],[29.384140971728527,80.157797917140215],[29.390022917423778,80.153434582839793],[29.395324555783645,80.149049666608903],[29.399130722305017,80.145543250420701],[29.429133971855379,80.116356582590299],[29.433362806248567,80.111938082976224],[29.437008361047049,80.107504361437179],[29.440069556165156,80.103057611419672],[29.442545638870172,80.098600138785457],[29.444436056079155,80.094134193638183],[29.445740722356504,80.089662055759334],[29.446459694359476,80.085186028312592],[29.446593417252473,80.080708305643839],[29.446142582614129,80.076231222393062],[29.44510824984593,80.071756999885679],[29.443491667206729,80.067287917003796],[29.441294472362074,80.062826249931561],[29.438518527807844,80.058374193913949],[29.435165972131983,80.053933999954211],[29.431239306348971,80.049507944236268],[29.426741194250781,80.04509819412641],[29.421674694431658,80.040706999728286],[29.4160430561422,80.036336528408128],[29.409849805624106,80.031988971813632],[29.403098806364881,80.027666500009047],[29.395794110709687,80.023371249783395],[29.38794005608878,80.019105389402284],[29.379541221849934,80.014871055654737],[29.370602528184179,80.010670278310727],[29.361128999603693,80.006505222038413],[29.351126028443502,80.002377888728631],[29.340599194097592,79.99829033333225],[29.329554361044984,79.994244610800195],[29.317997555642705,79.990242667265363],[29.305935083037696,79.986286528000903],[29.293373472307962,79.982378083381889],[29.28031949984512,79.978519305621489],[29.266780111113292,79.974712056316378],[29.252762499789583,79.970958222244235],[29.238274055603256,79.967259638921234],[29.223322360738393,79.963618111286848],[29.207915250088774,79.96003541730073],[29.192060750103565,79.956513306144245],[29.191630639442508,79.956419943925312],[28.556897833068604,79.81622402761684],[28.522551555909615,79.808492082943303],[28.133597750435911,79.691407056090839],[28.120699917367347,79.687570389062273],[28.107332861222631,79.683786111140193],[28.093503666860784,79.68005605604219],[28.079219610696555,79.676382082667033],[28.064488166995375,79.672765943793308],[28.049316999779762,79.669209444360433],[28.033713943943383,79.665714305670747],[28.01768705561318,79.662282249925966],[28.001244611249888,79.658914943569869],[27.984394943971552,79.65561402786517],[27.968632750401184,79.65265405593999],[27.544079778159301,79.573650860698706],[26.976870082788139,79.427375000356051],[26.67497905643836,79.347432778000382],[26.660981750007807,79.343778721910553],[26.646553082858532,79.340183193699488],[26.63170052835676,79.336647917367543],[26.616431778403921,79.333174639398123],[26.616423722277034,79.33317286143847],[26.216389860903405,79.243203471662923],[26.200967833199002,79.23977405632769],[26.185146278078321,79.236409472219407],[26.16893324986961,79.233111417258158],[26.15233708259035,79.229881443673719],[26.135366111157168,79.226721166648588],[26.118028971759713,79.223632082654547],[26.100334388721137,79.220615722337755],[26.08229125004118,79.217673556089778],[26.063908583114653,79.21480700034283],[26.04519558261012,79.212017443650154],[26.026161582590987,79.209306250283305],[26.006815999858532,79.206674721561228],[25.987168416689144,79.204124139017836],[25.967228611411315,79.201655722133921],[25.954138943957162,79.200098610762325],[25.150612611183135,79.104148167304118],[24.585297416842366,79.034355166557759],[24.565494805840672,79.031935694376841],[24.545419693963765,79.029600306109273],[24.525081889217859,79.02735013939747],[24.504491417245163,79.025186250045465],[24.48365833336544,79.02310969385735],[24.47777650008544,79.022543416845281],[23.643234471793505,78.941087806357245],[22.820912555570033,78.857374444275251],[22.636659944001281,78.838136471720873],[22.598619000066833,78.822450472311516],[22.860219083044285,78.665631417156249],[23.336975500319113,78.513356749614388],[23.801403750182999,78.360327111107324],[23.936576943870932,78.314888306250396],[23.947731639003962,78.311022222397696],[23.958447139423981,78.307105861046693],[23.968718333384402,78.303141278047576],[23.971834111055443,78.30189358292256],[23.977929472167432,78.299430527796687],[23.987606166591377,78.295405528342542],[23.996827777979604,78.291337082640325],[24.005589943720963,78.287227305895499],[24.013888667228287,78.283078278239998],[24.021720111094282,78.278892194019591],[24.029080777855654,78.274671138762073],[24.035967360705172,78.270417360772626],[24.037262583201709,78.269579138666359],[24.659424193871473,78.143438139358693],[24.866727056308662,78.100508083281454],[25.589383139220558,78.00205341733141],[25.68196280583885,77.989189806164688],[25.69970524989742,77.986657361148332],[25.717162055784286,77.984041361020047],[25.734324250064162,77.98134322221199],[25.751182999595812,77.978564306297756],[25.767729639411357,77.975706110648559],[25.78395572217886,77.972770138930798],[25.799852972336851,77.969757944273738],[25.815413250121424,77.966671056424161],[25.830628693659321,77.963511139127831],[25.845491583170087,77.960279832748142],[25.859994444388121,77.956978833406481],[25.874129999999525,77.953609860606662],[25.887891111185866,77.950174667127271],[25.901270943998895,77.946675056109029],[25.914262861441955,77.943112861269583],[25.926860444154215,77.939489944205604],[25.939057443646163,77.935808167413029],[25.950847889318709,77.932069471628893],[25.962226056087673,77.92827577780497],[25.973186388840816,77.92442908333561],[25.983723611255698,77.920531332555015],[25.993832667343781,77.916584610991038],[26.003508722349693,77.912590916937347],[26.012747222106668,77.908552361102636],[26.021543805802025,77.904470972357558],[26.029894388715093,77.900348889289887],[26.037795110955642,77.896188249588079],[26.045242360846316,77.891991166659068],[26.052232749741677,77.887759833049927],[26.058763166886706,77.883496417026095],[26.064830749739372,77.879203083255732],[26.070432860588085,77.874882055762328],[26.075567138712529,77.870535555871243],[26.080231416746528,77.866165777928359],[26.084423833093467,77.861774999916349],[26.088142750087911,77.857365444060065],[26.09138677827724,77.852939361362473],[26.094154778220513,77.848499000128811],[26.096445832609163,77.844046639241071],[26.098259305622491,77.839584527903696],[26.099594806055507,77.835114971978442],[26.100452138755259,77.830640166710396],[26.100831444015967,77.826162444041643],[26.100732999728223,77.821684082854176],[26.100157388652633,77.817207278393255],[26.099904972336674,77.815926805677577],[26.097112667315798,77.802765222137339],[26.095926860836016,77.798293806414108],[26.094266582836553,77.793829139203467],[26.092133221870768,77.789373472407874],[26.091528693994064,77.788265833201706],[26.081782610579069,77.770810500404309],[26.079067917050793,77.766369139124549],[26.075884611085996,77.761941833348999],[26.072234860950118,77.757530778322803],[26.068120916746977,77.753138166593146],[26.067769333088279,77.752785138623324],[26.065299194002648,77.75031530620646],[26.060688388758194,77.745945110978141],[26.055619056074647,77.741597943790111],[26.050094222170685,77.737275972008547],[26.044117138994807,77.732981389079896],[26.037691250051182,77.728716305713021],[26.030820193996817,77.724482889273986],[26.023507889177779,77.720283193814396],[26.015758388838606,77.716119360620041],[26.007575971953599,77.711993443742472],[25.998965166609196,77.707907472052227],[25.989930639387524,77.703863471721888],[25.980477278103933,77.699863500400284],[25.970610166625931,77.695909499723712],[25.960334610953566,77.692003416724333],[25.949656027703554,77.68814719393788],[25.938580055625096,77.684342749618281],[25.92711255559999,77.680591972341688],[25.915259527904936,77.676896667047629],[25.903027111312213,77.673258666554261],[25.89042169370623,77.669679806378042],[25.877449778084838,77.666161778143589],[25.864118028424343,77.662706360710047],[25.861302055945202,77.661996056372971],[25.844084443642203,77.657671249928285],[25.830336610945892,77.654292833347654],[25.816244277651322,77.650980694103794],[25.801814639234237,77.647736471660892],[25.7870549999883,77.64456172184606],[25.771972861158645,77.641457999587089],[25.75657577794982,77.638426860711093],[25.740871555577883,77.635469750428683],[25.72486805591609,77.632588111252403],[25.708573306313099,77.629783389292015],[25.691995388976068,77.627056917342941],[25.679329222165904,77.62505616680869],[25.008114111177349,77.519161138875518],[24.579180749891748,77.449669888554581],[24.243763028241233,77.286238027563002],[24.092025056311343,77.210778388711731],[24.083636888931323,77.206703222375893],[24.074842306227481,77.202670583180918],[24.068088555942154,77.199720610817565],[23.981439860661112,77.162510332885631],[23.972003417423821,77.158553278111356],[23.962174722285681,77.154644082558434],[23.951959056065618,77.150784639299729],[23.949347360991965,77.149828527764384],[23.685452250421065,77.052975916805167],[23.674915278017693,77.049170666692987],[23.664005249742559,77.045419055744901],[23.652727888881032,77.04172297163791],[23.641089056314968,77.038084194130306],[23.632003333387161,77.035357527927601],[23.254382028008251,76.92277538857337],[23.242325999944967,76.919224222120192],[23.229926582845565,76.915734750058732],[23.217190139413447,76.912308721570298],[23.204123249988072,76.90894777791766],[23.190732528183673,76.905653638604576],[23.177024778270948,76.902427833377885],[23.166502139262377,76.900045889006606],[22.607964750273084,76.773919500084901],[22.410399221746729,76.728439360588084],[22.39650847238812,76.725295889194001],[22.382319806413989,76.722224222370016],[22.367840388723039,76.719225833205712],[22.353077443569191,76.71630222177015],[22.338038417339135,76.713454778415326],[22.322730805882031,76.710684943855142],[22.307162305595966,76.707994028401743],[22.291340638959355,76.70538338913218],[22.275273639067223,76.702854277902645],[22.258969361147138,76.700407916891891],[22.24243580556805,76.698045500399587],[22.225681193932019,76.695768221826029],[22.2087137784182,76.693577138774003],[22.191541944305357,76.691473361006842],[22.174174083167429,76.689457860691789],[22.156618806013114,76.687531666653172],[22.138884667193679,76.685695694400806],[22.120980361354668,76.683950833364349],[22.10291469375818,76.682297972073798],[22.08469644358604,76.680737832684883],[22.066334527616391,76.679271249768419],[22.047837916586616,76.67789888882271],[22.029215610911763,76.676621444124407],[22.010476666764816,76.675439528111781],[21.991630222157085,76.674353693867943],[21.972685416898514,76.673364499871809],[21.953651443859087,76.672472388589938],[21.934537583143026,76.671677833065587],[21.915353083378136,76.670981193926991],[21.896107221970794,76.670382805721943],[21.876809360863376,76.669882972421306],[21.857468861099107,76.669481917056885],[21.843638943682379,76.669256138659932],[21.72195036102039,76.667463278107846],[21.702563193636536,76.667222749930033],[21.683157972362608,76.667081389094903],[21.663744056443079,76.667039306219067],[21.644330860880586,76.667096500403204],[21.624927778194433,76.667252971647372],[21.605544193709648,76.667508611133542],[21.586189499945533,76.66786330644652],[21.566873083126325,76.668316917291975],[21.547604306093888,76.668869166678746],[21.528392472334758,76.66951983337367],[21.509246916811833,76.670268555849248],[21.49017694391091,76.671115028335919],[21.47119177797822,76.672058805669394],[21.452300638863449,76.673099443584533],[21.433512722134481,76.674236416877193],[21.414837138822975,76.675469194048105],[21.396283027839502,76.676797167155598],[21.377859360820878,76.678219721962648],[21.35957516696044,76.679736111132684],[21.341439361237576,76.681345638590415],[21.323460805571756,76.683047528220925],[21.305648250366517,76.684840916675],[21.288010499984637,76.686724972079844],[21.276458777550602,76.68801888876078],[21.263601028164942,76.689485471677244],[21.246268721724164,76.691517139104747],[21.229133944176226,76.693636916710375],[21.212205139255843,76.695843806246728],[21.195490639181685,76.698136722231993],[21.178998722213294,76.700514500044221],[21.162737500235494,76.702976056000239],[21.146715056354822,76.705520139143175],[21.130939361262563,76.708145528193654],[21.115418249852382,76.710850917336018],[21.100159443703433,76.713634999855401],[21.092182222431688,76.715141832829374],[21.078140500283894,76.717825166997898],[21.063291777793381,76.720726193758878],[21.048724389319148,76.723702417332731],[21.034445694013641,76.726752361032709],[21.020462861272108,76.729874583245476],[21.006782916598354,76.733067472385983],[20.993412861214608,76.736329528385056],[20.980359416653812,76.739659138758327],[20.967629278368577,76.743054638860542],[20.955228943960662,76.746514389227741],[20.943164750053199,76.750036666758831],[20.931442917256902,76.753619722272447],[20.920069499807596,76.757261832667496],[20.909050389164179,76.760961166924346],[20.89839130591406,76.764715917405738],[20.88809780606897,76.768524250393909],[20.878175333225101,76.77238422155466],[20.868629082766006,76.776293971989276],[20.85946413855919,76.780251555564917],[20.850685389319324,76.784254972189274],[20.842297471950815,76.788302306306434],[20.834304999975814,76.792391472388601],[20.826712221791638,76.796520500021131],[20.819523332735685,76.80068730637413],[20.812742278133669,76.804889805919856],[20.806372833339651,76.809125916727737],[20.800418528192552,76.813393555967878],[20.794882778317628,76.817690528395246],[20.789768750227665,76.822014722401548],[20.78507936132354,76.82636400029844],[20.780817443570243,76.830736138961697],[20.776985499781063,76.835128971924576],[20.773585916756701,76.839540277861602],[20.773479082693541,76.83968897176868],[20.645057056438077,77.016470499613945],[20.579386083001395,77.10505036128518],[20.438475693998157,77.207679556066694],[20.172218443926113,77.306392055848733],[20.11834186058843,77.315019083164202],[20.104300722100675,77.317309582671157],[19.733056443699979,77.378528194320779],[18.941086167192907,77.333554111433159],[18.670739888635012,77.317590943667199],[18.396746083065352,77.264936443662009],[18.293137556253271,77.14862452799963],[18.180615583342558,76.971255027897257],[18.162433222415359,76.942135471974495],[18.053884778060137,76.764691527791854],[18.00352286129106,76.680725528160679],[18.000662694327957,76.676295500137257],[18.000141888837163,76.675555388670318],[17.88870463860826,76.517201000126136],[17.885417889024382,76.512788221998903],[17.881708750358598,76.508393749571951],[17.877579443936213,76.504019832948984],[17.873032471671308,76.499668582838865],[17.868070500053591,76.495342250244732],[17.862696388927247,76.491042971955665],[17.85691322206759,76.486772889257509],[17.850724278402765,76.482534166818425],[17.844132971759279,76.478328861387922],[17.837143028028379,76.4741591394328],[17.829758221664633,76.470027028024958],[17.821982639187524,76.465934610893612],[17.813820443558654,76.461883916909301],[17.805276055845354,76.457876972244549],[17.796354056294717,76.453915722132933],[17.787059139367841,76.450002166666707],[17.777396306194646,76.446138222301158],[17.767370583086006,76.442325861249572],[17.756987249961639,76.438566889350511],[17.746251750418025,76.434863222160004],[17.735169610788944,76.4312166394364],[17.732678111006067,76.430419860787993],[17.480323110822951,76.349531971623264],[17.468957500388399,76.34594602838655],[17.457259028381486,76.342420777696816],[17.445233694179706,76.338958028090588],[17.432887667132206,76.335559472092029],[17.420227249687855,76.332226750064535],[17.407258916965475,76.328961499673539],[17.393989222324819,76.325765389161461],[17.385863111093727,76.323876361404984],[17.377785916686776,76.322023221994129],[17.364051250065188,76.318940583441247],[17.350032972343854,76.315931028294358],[17.335738138704187,76.312996055723431],[17.321173943722556,76.31013705608035],[17.306347667410989,76.307355499756568],[17.291266749860654,76.304652722245407],[17.275938667135847,76.302030027563774],[17.260371083258917,76.299488693648357],[17.244571693728744,76.297030000234372],[17.228548361317849,76.294655111044619],[17.212309000060372,76.292365194298327],[17.19586166698241,76.290161389436605],[17.191349110872807,76.28957647217652]]},"properties":{"FID":2,"OBJTYPE":"Territorialgrense","NAVN":"Territorialgrense 12 nautiske mil ved Spitsbergen, Nordaustl"}},{"type":"Feature","id":3,"geometry":{"type":"LineString","coordinates":[[3.2382222220779227,-54.198444443955907],[3.2290555556693903,-54.199361111226267],[3.2139722216407449,-54.200888889410692],[3.1989999997502423,-54.202805556031535],[3.1841944438185692,-54.205111111088854],[3.169583333004482,-54.207833332841972],[3.1551666673079239,-54.210888889210821],[3.1410277779096987,-54.214361111376149],[3.1271666666084457,-54.218166667257833],[3.1135833334041649,-54.222361110676673],[3.1003611112762997,-54.226888888711187],[3.0874722219655268,-54.231777777822174],[3.0750000002498723,-54.236972222390136],[3.0629166669706365,-54.242499999775134],[3.051250000387256,-54.248361110876544],[3.0400555561190572,-54.254500000074927],[3.0293611106267804,-54.260916667370282],[3.0191388892483815,-54.267638889223292],[3.0094444440059078,-54.274611110914009],[3.0003055558567553,-54.281805555981578],[2.9917222221029078,-54.289277778246856],[2.983722221903065,-54.296944443830967],[2.9763055561565466,-54.304805556331303],[2.9695000004247163,-54.312861111251266],[2.9633333329670108,-54.321083333029378],[2.9577777782219528,-54.329444444305636],[2.9528888891109659,-54.337972222440101],[2.9486666674328035,-54.346611110914012],[2.9450833331293893,-54.355361110626689],[2.9421944436187459,-54.364166666858125],[2.9399722224401899,-54.373055556069005],[2.9397222217032208,-54.374388889135901],[2.9377500003622572,-54.383305555706784],[2.9364722220154817,-54.392249999637727],[2.9358888893607968,-54.401250000087373],[2.9359999997003001,-54.410222222277696],[2.9367777783718338,-54.419194443568699],[2.9382777782968788,-54.428138889298282],[2.9384722216157684,-54.429083333029382],[2.9384444442557651,-54.438083332579708],[2.9390833334291528,-54.447055555669294],[2.9404444438560517,-54.455999999600238],[2.9424722217157182,-54.464888888811117],[2.9451944443681555,-54.473749999762617],[2.9461111107391957,-54.476249999937522],[2.9463888888362249,-54.477055555969116],[2.9499999996003226,-54.48577777832179],[2.9542777777972447,-54.494416666795701],[2.9591944442682347,-54.502916666670785],[2.9648055564313154,-54.511305556206423],[2.9710277777098213,-54.519527777984536],[2.9778888890610347,-54.527555556443758],[2.985388888686316,-54.535416667145455],[2.993472221865602,-54.543083332729566],[3.0021388885988927,-54.550500000274724],[3.0113888888861879,-54.55769444444303],[3.0211944435687883,-54.564666667033009],[3.0314999997252698,-54.571333333266693],[3.0423333329170532,-54.577749999662728],[3.0433611114261794,-54.578333333216733],[3.0532499999875427,-54.58522222192795],[3.0636666673828472,-54.591861110801574],[3.074583332654754,-54.598222221578226],[3.0860000002998049,-54.604305556056545],[3.0978611111014516,-54.610055555919132],[3.1101666668582197,-54.615500000324687],[3.1228888893108433,-54.620611111013943],[3.1229444440309067,-54.620638889273266],[3.1238888886613267,-54.621000000349682],[3.136999999550369,-54.625777778221845],[3.1504722224152033,-54.630222222377597],[3.1642777780970164,-54.63427777809693],[3.1783888892359187,-54.638000000099908],[3.1927777775724167,-54.641333332767033],[3.2073888892858804,-54.644277777897116],[3.2222499999376168,-54.646833332792028],[3.2372777783468223,-54.64902777840922],[3.2524444435562714,-54.650805556431237],[3.2677500000625059,-54.652166666858136],[3.2831666669081869,-54.653138888848616],[3.298611111113928,-54.653722222402621],[3.3141111109390522,-54.65388888926077],[3.3296111107641764,-54.653638889423178],[3.3450555558692372,-54.65300000024979],[3.3604444435562755,-54.651944444380547],[3.3757222218031302,-54.650500000074885],[3.3857777781220193,-54.649305555606873],[3.4010277781094942,-54.647722221803065],[3.4053055563064163,-54.647222222127823],[3.4208055561315405,-54.647222222127823],[3.4362777776973417,-54.646833332792028],[3.4516944436437029,-54.646027777659754],[3.4670555557693206,-54.644805555831681],[3.4822777783967922,-54.64319444376855],[3.4973888888861779,-54.641194444168207],[3.5123055560566172,-54.638777777872122],[3.5270277781095274,-54.635999999600244],[3.5415000003247883,-54.632833332891948],[3.555722221803137,-54.629277777747177],[3.5696666669831529,-54.625361110626727],[3.5832777784467567,-54.621083333329125],[3.5965277779346252,-54.616444444055787],[3.6094166672454548,-54.611472221965414],[3.6219166672204892,-54.606166667058005],[3.6339722222402884,-54.600527778434184],[3.6455555558442825,-54.594583332554691],[3.6566944435937216,-54.588361111276242],[3.6673333325672957,-54.581833332742065],[3.6774444436062481,-54.575027777909554],[3.6870000002498386,-54.567972222340131],[3.6949444439309787,-54.561583333304156],[3.7041666668582138,-54.554388889135907],[3.7127777779721214,-54.546916666870629],[3.7208333328920276,-54.539250000387142],[3.7282777777972456,-54.531388888786125],[3.7351111108890791,-54.523333332966899],[3.7413055557069015,-54.515111111188787],[3.7468611113512793,-54.506722221653149],[3.749055556069095,-54.503027777909608],[3.7549166671705052,-54.494722222252733],[3.7601666673578507,-54.486277777997032],[3.7647222218531056,-54.477694444243184],[3.7686111107142324,-54.469000000149833],[3.7718333330419114,-54.460222222177777],[3.7743888888361994,-54.451361111226277],[3.7762222215783368,-54.442444443756017],[3.7773888886862892,-54.433499999825074],[3.7778611110015277,-54.424500000274747],[3.7776388894232582,-54.415527778084424],[3.7767222221528982,-54.406555555894158],[3.7751111109890303,-54.397638889323218],[3.7728055559317113,-54.388750000112395],[3.7698333334416247,-54.379916667420218],[3.7690000000500277,-54.377777778321786],[3.7655833326047627,-54.369000000349672],[3.7614722221653665,-54.360361110976442],[3.7567222216532627,-54.351805556381294],[3.7513055564063507,-54.343388888586276],[3.7478888889610857,-54.338583333354109],[3.7419444439809695,-54.330305555956613],[3.7353611107267284,-54.322194443618628],[3.7281666665584794,-54.314249999937488],[3.7203888888362258,-54.306499999575294],[3.7120277775599106,-54.298972221690633],[3.7066388887737389,-54.294500000174821],[3.698611111213836,-54.286833332792014],[3.6900000000999853,-54.279416667045496],[3.6808333327921332,-54.272194443718547],[3.671111111088976,-54.265250000287267],[3.6608888888112006,-54.258555555794203],[3.6501388885988604,-54.252138889398168],[3.6389444443306616,-54.246000000199786],[3.6272777777472811,-54.240166667357755],[3.615166667108042,-54.234638889073437],[3.6026666671330076,-54.229444443606155],[3.5897777778222348,-54.224583332754548],[3.5765277783343663,-54.220083332979414],[3.5629444442307658,-54.215916666920577],[3.5490555555695096,-54.212111111038894],[3.5348888888112242,-54.208666667132945],[3.5204722222153464,-54.205611110764096],[3.5161111110389811,-54.204750000012439],[3.5019722216407558,-54.20130555610649],[3.4875833333042578,-54.198194444118258],[3.4729722215907941,-54.195499999725143],[3.4581666665584407,-54.193166667307821],[3.4432222220279982,-54.191249999787601],[3.4281111106392927,-54.189694444243173],[3.4129166671705207,-54.188555556293863],[3.3976666671829889,-54.187833333241713],[3.3823611106767544,-54.18750000042462],[3.3813333330668911,-54.187472222165297],[3.3681666665584657,-54.187055556368819],[3.3528611109515509,-54.18683333299191],[3.3375555562439558,-54.186999999850059],[3.3222777779971011,-54.187583333404064],[3.3070277780095694,-54.188583332754547],[3.2919166666209208,-54.189972222340145],[3.2768888891109782,-54.191750000362163],[3.262027777559922,-54.193916666820655],[3.2473333328670719,-54.196472221715624],[3.2382222220779227,-54.198444443955907]]},"properties":{"FID":3,"OBJTYPE":"Territorialgrense","NAVN":"Territorialgrense 12 nm ved Bouvetøya"}},{"type":"Feature","id":4,"geometry":{"type":"LineString","coordinates":[[10.593133778301251,58.761072000272634],[10.505861360913116,58.764932832983902],[10.270919860663071,58.775026361377513],[10.263408667176293,58.77388525030409],[10.255087332914115,58.772673082896517],[10.252627277926592,58.772334582574956],[10.073833332642209,58.747919277752544],[9.7883581388171024,58.672278722285284],[9.5579017779447213,58.538959139252938],[9.3291938888868913,58.405225193587853],[9.1022174169003165,58.271082027613545],[8.9424712780270852,58.175813499593403],[8.9367779723256149,58.172481306367274],[8.9309452780022411,58.169217333013535],[8.9249761942959935,58.166023278351645],[8.9188736943655726,58.162900666732412],[8.9165967782187749,58.161770721641517],[8.7354321939406532,58.072249832763646],[8.7315076667454719,58.07033022176239],[8.5058768062696686,57.960982000419051],[8.4995862500055068,57.957986499877109],[8.4931715279437299,57.955066638614539],[8.4866359172138459,57.952223916700461],[8.4799826940461571,57.949459721788799],[8.473215194026011,57.946775444231434],[8.4663368327786657,57.944172443803268],[8.4593510556067599,57.941651972360717],[8.4522614166311314,57.939215306041604],[8.4450714169124126,57.93686369400433],[8.437784722087315,57.934598278387909],[8.4304049168534902,57.932420194136682],[8.4229357495852355,57.930330527631781],[8.4153809443751584,57.928330332878602],[8.4134180831780441,57.927828833134186],[8.3544470562866877,57.912853861116844],[8.3525835000285724,57.912383333124353],[8.1784278891358326,57.868547499667443],[8.1707761936664269,57.866669472418266],[8.1630479173275603,57.864883194004278],[8.1607454721258819,57.864371999568164],[7.8498736944155212,57.795483082778105],[7.8301348057767086,57.791074222097734],[7.8246977780800648,57.789885832765037],[7.7854120834009564,57.781481694324782],[7.7775769442206411,57.779858055604848],[7.7696761113634807,57.778328500360033],[7.7617134716994087,57.776893749846749],[7.7566878892347404,57.776042332887414],[7.7255731387894002,57.7708945001811],[7.7175207503823913,57.769613638958333],[7.7094169998946995,57.768429389204982],[7.7012659441680285,57.767342305802799],[7.6930716670238439,57.766352972411823],[7.6848382217066273,57.765461861175993],[7.6765697217153388,57.76466944423953],[7.6682702778510929,57.763976056150113],[7.6599440278945963,57.763382082716987],[7.6553359718776619,57.763096806072781],[7.6056955829848221,57.760179471905133],[7.5973372218353461,57.759737110679168],[7.5889625559772185,57.759394806225373],[7.5805756944128007,57.759152722220392],[7.5721808612577775,57.759010999857821],[7.5637822221718807,57.758969693996221],[7.5574230827091355,57.759005249592633],[7.221487249936672,57.76195769419229],[7.1973858894472755,57.762135167304166],[7.1889887216522084,57.762246444018217],[7.1805983059671235,57.762458083273998],[7.1722187495956859,57.76276999963585],[7.1638542775529004,57.763182027628545],[7.1555090563978752,57.76369397209919],[7.147187194233652,57.764305583036275],[7.1388928890955867,57.765016527690648],[7.1306302499860976,57.765826500292803],[7.1248875562158105,57.766449888751424],[6.9275603327432123,57.788560888574182],[6.9193505557835806,57.789525138974057],[6.9111830001953649,57.790587250001636],[6.9030617219210058,57.791746693754988],[6.8949908326608238,57.793002917150943],[6.8869742777407623,57.794355250194712],[6.8790161113045656,57.795803028287196],[6.8711202777786298,57.79734555625248],[6.8632907503678666,57.79898205617701],[6.86117227767852,57.799443527996459],[6.549550943821032,57.867401194109902],[6.5291120282975044,57.871822749620264],[6.5264109999677089,57.872413277750638],[6.5174823328434286,57.874386500037019],[6.5097356392883512,57.876152499638181],[6.5020646668509698,57.878010444126744],[6.4944733059983264,57.879959389214491],[6.4869653060040946,57.881998360935654],[6.4795444440209167,57.884126388921743],[6.4722144171616947,57.886342332832442],[6.4689060559697396,57.887380778200395],[6.434212778097276,57.898389471996609],[6.4270171387300365,57.9007294998666],[6.4199211937081486,57.903154722312649],[6.4129285825880515,57.905663944135767],[6.4060428064304347,57.908255861318992],[6.3992672781624265,57.910929249885044],[6.3926054439860991,57.913682722179942],[6.386060667365939,57.916514916630149],[6.3822316391788263,57.918233110969368],[6.3506144438015895,57.932603082965954],[6.3442578332324615,57.935556221842205],[6.3439536942076984,57.935700888585188],[6.0915792776615945,58.055229305987723],[5.8375147777848042,58.174250583098001],[5.6230187778943446,58.273724860813729],[5.6166733063280958,58.27672077774173],[5.6104562777350679,58.279790832980609],[5.6043708892051995,58.282933471602462],[5.6011760827100829,58.284640944224236],[5.5902206665505787,58.290564944017035],[5.584341111253309,58.293815388869177],[5.5786008330620689,58.297134416919846],[5.5768189172592884,58.298195667296284],[5.4156047781380607,58.394529221946073],[5.4100214442343031,58.397928805869753],[5.4045841107681554,58.401393249798673],[5.4043926109303015,58.401518194409221],[5.3625211108605981,58.428829971825792],[5.357229639336424,58.432357999622013],[5.3520897782207157,58.435947333302863],[5.3471041391447329,58.439596221888166],[5.3422752779817415,58.443302832559709],[5.3376056669679883,58.447065249761522],[5.3330977216825772,58.450881666755549],[5.328753694027796,58.454750111328622],[5.3273236667538413,58.45606833308716],[5.2157629171249482,58.559464500286538],[5.2116170281034329,58.563395832651622],[5.2076405560668491,58.567374805702798],[5.2040924715903429,58.571120332737223],[5.1933540564446048,58.582755639061531],[5.1897079719453814,58.586820555824033],[5.1862370825753601,58.590927166955225],[5.1829432220521312,58.595073443584624],[5.1798281107787147,58.599257249822301],[5.1772369724084228,58.602966944269099],[5.1221023607354255,58.684185806429866],[5.1193143886481494,58.688433249594823],[5.1167099717878273,58.692712194212447],[5.1142904996069092,58.697020555654149],[5.1122379724045572,58.700990306157735],[5.0491441393905916,58.82773252833357],[5.0470670561997508,58.832089944195616],[5.0469244444076367,58.832405360718894],[5.005934333003097,58.923149610865892],[4.8951625001492971,59.000641639300284],[4.6183637783657332,59.109744833157606],[4.6125680003129901,59.112015582653044],[4.6056846388350436,59.114775138861603],[4.5989226390685758,59.11761330570954],[4.5922853608807372,59.120528611006648],[4.585776221695312,59.123519639220035],[4.5793984437831909,59.126584860602861],[4.5731553060725787,59.129722777784025],[4.5670498887413942,59.132931778278987],[4.5610853610006643,59.136210306260693],[4.555264722089305,59.139556667406339],[4.5495908894080799,59.142969250130818],[4.5440668064380247,59.146446278273174],[4.538695222406659,59.149986082691612],[4.5334789171183729,59.15358683326582],[4.5284205561637805,59.15724677811636],[4.5235226936174513,59.160964027767704],[4.5214361666457989,59.162603777842151],[4.5198569166634002,59.163858166621139],[4.5151936386755551,59.167654444197296],[4.5106968611712546,59.17150347240738],[4.5063688891129914,59.175403306017813],[4.5022119438261825,59.179351999795017],[4.4982281665966752,59.1833475563447],[4.4944196393549305,59.187387999856355],[4.4907883334149119,59.191471278077074],[4.4873361112725547,59.195595333358028],[4.4840648057462431,59.199758110748292],[4.4809761111586681,59.203957500438321],[4.4780716390949351,59.208191389021465],[4.4753529435835162,59.21245766668801],[4.4728214437546967,59.21675416697127],[4.4704785002826384,59.221078750384095],[4.4683253326480212,59.225429193802313],[4.466363166626877,59.22980336133611],[4.4645929995673441,59.234199000183764],[4.4630158063344538,59.238613916898828],[4.4616324997401193,59.243045861377482],[4.4604833613180972,59.247331666922946],[4.4573324723157839,59.260103056211108],[4.4563312220083162,59.264561917398623],[4.4555259168876091,59.26903119363476],[4.4549170560773064,59.273508611433328],[4.4545050002056428,59.277991889214377],[4.4542900280624167,59.282478777773406],[4.4542723330018248,59.286967000027062],[4.4544519995602059,59.291454277992614],[4.4548290556164716,59.295938360666867],[4.4554033329974914,59.300416971865786],[4.4561746392482746,59.304887832707379],[4.4571426668006779,59.309348667007441],[4.458307000167963,59.313797221964251],[4.4596671114480841,59.318231250172119],[4.4612223891020335,59.32264849972853],[4.4629721388531607,59.327046722328419],[4.4646860281377485,59.330929693650489],[4.4751754443913114,59.35361863918888],[4.4772925833860882,59.357974694376708],[4.479601667383065,59.362305278066174],[4.4821016109006564,59.366608221991896],[4.4835117784458589,59.368889832599734],[4.5918915558506797,59.539728832819435],[4.6720724717671942,59.6649588063039],[4.6491852221203658,59.774881082895718],[4.5943562504406259,59.952267888652216],[4.5389343611319077,60.129626556420476],[4.4939333057774888,60.272217221647509],[4.3995901387739309,60.445530028388134],[4.304233028431554,60.618770332684733],[4.2078442500121582,60.791936888976295],[4.1104056668880844,60.965028500265134],[4.1040812781285467,60.976195860550604],[4.1017303333882182,60.98053508312762],[4.0995802783072577,60.984898888672831],[4.0976322784069907,60.989285027981737],[4.0958874173704771,60.993691332788842],[4.0943466107075892,60.998115582668049],[4.0930107784247411,61.002555499636628],[4.0918806390802729,61.00700888934881],[4.0909568608705058,61.01147347202317],[4.0902399995763403,61.015947028132871],[4.0900408887760591,61.017490916772431],[4.0893476391822787,61.023222250306674],[4.0889095560312398,61.027704250151089],[4.0886834439858148,61.032045639194962],[4.087524416618578,61.071109332629646],[4.087495305563948,61.075596305724957],[4.0876745827158629,61.080082472128424],[4.0879774168244012,61.083761889099947],[4.1062587220624209,61.263026305719507],[4.1247454720259498,61.442283555641609],[4.143441528403855,61.621533638866367],[4.1476603056785848,61.66170122223366],[4.1482376389559477,61.66617944402617],[4.1490269442381305,61.6706503606257],[4.1500279436347114,61.675111694049519],[4.1512402216589521,61.67956116721416],[4.1526632504087502,61.683996556096247],[4.1542963886674329,61.688415582713048],[4.1561388890984858,61.692815999658706],[4.1581899441106884,61.697195610788867],[4.1604485563558455,61.701552139020066],[4.1629136943116123,61.705883416986183],[4.16558416727554,61.710187221563103],[4.1684587215927991,61.714461333223994],[4.1715359723073107,61.718703610683121],[4.1748144166520547,61.722911889272325],[4.1777483891768838,61.72644919357549],[4.3203986938447088,61.892740443616617],[4.4247471108905074,62.013158082779341],[4.4250324999499639,62.013485194086513],[4.5061414172926106,62.10590966739727],[4.5098928061081551,62.110037417093167],[4.5122912215626911,62.112548361118002],[4.6670299721555466,62.270669083311589],[4.6711423614308956,62.27472549968212],[4.6754507219732773,62.278737666710015],[4.6799528891145883,62.28270349976674],[4.6846466388313388,62.286621028437764],[4.6895296940401749,62.290488167195235],[4.6945995834041128,62.294303028362151],[4.6959091114164266,62.295257888940455],[4.9035918609756663,62.444837361155351],[4.9089445556467695,62.448575916645268],[4.9144787775735495,62.452257555841584],[4.9201918063068888,62.455880332611343],[4.9260807496269194,62.459442443813771],[4.9321426667507353,62.462942027852364],[4.9383745278622087,62.466377332847685],[4.9447731673478188,62.469746555659071],[4.9490893061266092,62.471934832826321],[5.21378316665988,62.603303000333256],[5.4808183608786862,62.734165306383829],[5.6662836938374426,62.824080916701007],[5.6712093886024491,62.826419722392302],[5.9469032779639406,62.954365027923757],[5.9495005560058871,62.955562556167081],[5.9565025281692101,62.958718388742682],[5.9636601666833826,62.961801360944094],[5.9709698607704809,62.964809861186211],[5.978427861156888,62.967742360621514],[5.9860304167703475,62.970597360979468],[5.9937736389423435,62.973373389170604],[5.99617902773997,62.974209749680256],[6.3115061673757964,63.082310582567402],[6.6291720281666358,63.18970463915781],[6.8389290001732661,63.259797639349642],[7.0724616935523841,63.405324805995065],[7.3083660826286518,63.550464693990477],[7.3580270561038219,63.580782472433214],[7.4410322776175803,63.641665443605405],[7.4463688609342285,63.645472056190499],[7.4518981941463949,63.649224139282637],[7.4576175001475349,63.652919750346257],[7.4621592779283787,63.655731916894524],[7.701653499809197,63.800378527647013],[7.9436076390813355,63.944622193559439],[8.0901448612963804,64.031072000172742],[8.0963548607882672,64.034636194205063],[8.1027477778877142,64.038137971690105],[8.1093203894244539,64.041575527688508],[8.1160693885914839,64.044947111220267],[8.1207253326080604,64.047185861038713],[8.130123777690244,64.051635056312875],[8.1371628333980652,64.054891749654587],[8.1443690281082013,64.058077889383128],[8.1517386386273074,64.061191833336522],[8.1592679723390802,64.064231999607159],[8.1646486943818104,64.066321971881564],[8.4746137504242824,64.18397080620781],[8.7872075562837608,64.300955444438273],[8.940475971988576,64.35771219386271],[9.2137263062240891,64.492747332623367],[9.4896775275958589,64.627269139259397],[9.7683624172917689,64.761269472208426],[9.9969565277216361,64.869814972183292],[9.9990497501459004,64.874210361019379],[10.001375721612305,64.87858458341185],[10.003933416893744,64.882935417135855],[10.006721638992474,64.887260639067279],[10.009739056012677,64.891558055759731],[10.011684360644779,64.894155360781326],[10.075230971732026,64.976759999974092],[10.078634332808235,64.981006639145164],[10.082263555918416,64.985219694033731],[10.0861169170621,64.989396999971632],[10.089369611118684,64.992721556154947],[10.256097110593203,65.157734417209667],[10.424903972140669,65.32255691696821],[10.579114166885347,65.471184777855285],[10.737610639319598,65.638103805945946],[10.798682583234665,65.701810444196724],[10.898788944054559,65.876403389105178],[11.000260555780073,66.050926611374052],[11.071586693770939,66.172150694199217],[11.074286722054637,66.176499527831027],[11.077228999818544,66.180822639053588],[11.080412110630448,66.185117805642278],[11.083834583199518,66.189382889009153],[11.0874947501826,66.19361569390918],[11.091390917257058,66.197814027795175],[11.093268582978794,66.199739889084697],[11.25921472178203,66.366181806145505],[11.427370666623005,66.532441805644851],[11.565975333295057,66.667701721857043],[11.570371639439657,66.671832611086188],[11.575002721698297,66.675923110862925],[11.579866389322433,66.679971139256736],[11.5849602501155,66.683974610739767],[11.590281777881785,66.687931472159789],[11.595828388869108,66.691839721625911],[11.601597332950632,66.695697332965608],[11.607585778161194,66.699502360945246],[11.613790721664543,66.703252833351655],[11.620209083282589,66.706946805850464],[11.626837693804589,66.710582416845114],[11.633673250020536,66.714157805638251],[11.640712277849389,66.717671110633319],[11.647951278029097,66.721120527790163],[11.65386027802947,66.723822221618263],[11.858834694065933,66.815371499894866],[11.698611999943864,66.983308138759639],[11.536161749864903,67.151076860708599],[11.371436694348006,67.318674055863028],[11.359172166562303,67.331052332599143],[11.355142639021608,67.33525736103843],[11.351357999572087,67.33949622197315],[11.347820277983487,67.343766749835709],[11.34568611122512,67.346516194067135],[11.323782556220067,67.375452278399962],[11.320646111229109,67.379769667236417],[11.317761667067316,67.38411308335219],[11.315130777763216,67.388480333300777],[11.312754917305654,67.392869221837202],[11.310635388812216,67.397277556414167],[11.308773472018174,67.401703056351039],[11.307170166969684,67.406143556080281],[11.30582649979317,67.410596777619276],[11.304743250200886,67.415060499642379],[11.303921110670785,67.419532444167032],[11.303360693641139,67.424010361089358],[11.303062360639501,67.428492000305653],[11.303026444414911,67.432975055954103],[11.303253111342087,67.437457305810085],[11.303742417178853,67.441936444011731],[11.304494221631046,67.44641022225403],[11.30550830616346,67.450876360755501],[11.306784305651206,67.455332611211077],[11.308321721870016,67.459776693839387],[11.310119917200495,67.464206361234631],[11.312178111031074,67.468619360595085],[11.313216333367166,67.47065147228767],[11.313358027850768,67.47092136063236],[11.315794749927818,67.475305971993066],[11.318489000067359,67.479668388985033],[11.321325778362052,67.48384622192566],[11.359709444035673,67.537827111332206],[11.362919778225262,67.542138777782441],[11.366384194275213,67.54642163894755],[11.370101028439763,67.550673556239701],[11.374068527940267,67.554892305635462],[11.378284805999044,67.559075806103635],[11.382747832846235,67.563221832721467],[11.387455471692704,67.567328361115017],[11.392405443656344,67.571393222119582],[11.397595306178459,67.575414332905211],[11.403022583425525,67.57938969427903],[11.408684555847628,67.583317250390849],[11.414578472418611,67.58719494359184],[11.420701416637144,67.591020833144967],[11.427050332606825,67.594792944139101],[11.43362213925036,67.598509361018273],[11.440413500083025,67.602168110669822],[11.447421056136875,67.605767389053824],[11.454641306351277,67.609305332774966],[11.462070639048818,67.612780082934535],[11.469705305855257,67.616189888552583],[11.477541472061318,67.619532971669344],[11.485575222018952,67.622807610982534],[11.493802444027608,67.626012167027966],[11.502219028185664,67.629144943684253],[11.507000749584961,67.630862833153287],[11.621431055998471,67.67134477813903],[11.629878638888101,67.674260167073101],[11.671222416781177,67.68820327765917],[11.680138028447288,67.69113913876032],[11.68922741701175,67.69399752776377],[11.696638361271425,67.69623263892521],[12.070739167078955,67.806021388676186],[12.128473693606111,67.822797833153516],[12.267628249843881,67.99429263879432],[12.272356055987245,68.000072999769202],[12.275991277575429,68.004343556410049],[12.279883222332899,68.008582277949813],[12.284030055642575,68.012787027599302],[12.28842975043267,68.01695561101269],[12.293080277832587,68.021085916581853],[12.297979332879947,68.025175832698551],[12.303124555753698,68.029223306210667],[12.305893694238648,68.031308388871082],[12.52314297217049,68.191249194095064],[12.584167416593061,68.235727861151929],[12.589779194254447,68.239697388623654],[12.595632167390647,68.243618888700837],[12.601723443781964,68.247490277654265],[12.608050082645264,68.251309639028648],[12.614608888689304,68.255074971832528],[12.621396638743931,68.258784389288166],[12.628409972042618,68.262435944363403],[12.635645361444347,68.2660277502805],[12.643099222251351,68.269558000301515],[12.643675056358802,68.269823972098663],[12.734760860925064,68.311718610825267],[12.742473499852167,68.315176361100214],[12.750396860726596,68.318568666810563],[12.75852694426311,68.321893832734247],[12.766859666640357,68.325150110589163],[12.775390777662324,68.328335833032327],[12.784116000153347,68.331449332720581],[12.793030916643545,68.334489027746486],[12.802130972066777,68.337453361383552],[12.811411555598852,68.340340805683695],[12.820867971879466,68.343149832698657],[12.830495333093211,68.345878999915954],[12.832528693944141,68.346439193913739],[13.224194638871552,68.452852556000721],[13.263980861127891,68.463555555844266],[13.512459694259519,68.618059249734642],[13.721631999916895,68.746214778089609],[13.807064306372695,68.821587000140028],[13.811909722255905,68.825712806400929],[13.81701247194809,68.82979797229865],[13.8223701110918,68.833840471660494],[13.827980000176922,68.837838193777657],[13.833839416955584,68.841789082800005],[13.839945471906049,68.84569116741352],[13.846295193668311,68.849542389070052],[13.852885443608386,68.853340778254392],[13.859712943697446,68.857084416712496],[13.866774333168962,68.86077136100954],[13.874066056103629,68.864399721669884],[13.88158449992477,68.867967638895493],[13.889325917157407,68.871473250190377],[13.891909388807278,68.872607638831539],[14.210819360924802,69.01042169440575],[14.533736777730155,69.147633167336835],[14.733702693924215,69.231444833412411],[14.741997667258602,69.234824860678827],[14.750507388804976,69.238137360550809],[14.759227611065455,69.241380693564224],[14.768153888691074,69.244553139315997],[14.77728172237363,69.247653082623742],[14.786606443732467,69.250678917298274],[14.796123388883359,69.253629083015824],[14.805827667313054,69.256502056324905],[14.815714360629272,69.259296361437976],[14.815838888853705,69.259330721835397],[15.217004055992447,69.369005999627234],[15.622244888590785,69.477745028310437],[15.698596472349379,69.498005056088516],[15.708885055600888,69.500666471980139],[15.719344360753723,69.5032455000798],[15.729969055727395,69.505740750035613],[15.740753694227635,69.508150943911005],[15.751692749920494,69.510474861325861],[15.762780556177802,69.512711250423934],[15.774011471552228,69.514858999643195],[15.785379666638335,69.516916944361526],[15.789969028447956,69.517715610686935],[16.251144027574867,69.596159443803344],[16.677008500042291,69.66701886063197],[17.055514555752211,69.745043027813551],[17.30416777822046,69.902437333416287],[17.424668888858207,69.97774916689059],[17.431106471686348,69.981650583307839],[17.437801055574312,69.985501110687778],[17.444749305835842,69.989298832575116],[17.451947805946531,69.993041749776978],[17.453682388631364,69.993916721779328],[17.751009388872262,70.141727832773313],[17.901877666920825,70.215744500408448],[17.904274000444786,70.216906027890957],[18.16304738922571,70.340450388574652],[18.17088008314937,70.344074027794193],[18.178955749608235,70.347637083284837],[18.187270305680102,70.351137694349177],[18.195819638765386,70.354574083027558],[18.204599471688311,70.357944472259646],[18.213605306040108,70.361247111065381],[18.222832693773853,70.364480306021335],[18.232276917046136,70.367642361006233],[18.241933194161618,70.370731667132816],[18.251796666982671,70.373746638896307],[18.261862305600971,70.376685694389323],[18.272124972189772,70.379547305663664],[18.282579472264899,70.382330028408148],[18.293220444068311,70.385032388633874],[18.304042444003642,70.387652999586294],[18.315039943938302,70.3901904718129],[18.326207306022411,70.392643556155235],[18.337538778192084,70.395010917120203],[18.349028583202596,70.397291361307339],[18.359490389370023,70.399266722181551],[18.798898917151348,70.479411443982997],[18.810764722414035,70.481494999594588],[18.822770055693582,70.483487944013461],[18.834908750338627,70.485389305971751],[18.84717450030297,70.48719805574575],[18.853202083109693,70.488046500445705],[19.350283193914322,70.556026083037352],[19.691578528326488,70.601658278107095],[19.692037694284238,70.601719028210653],[20.194841056369683,70.667258722212296],[20.700894332707321,70.731411443983006],[21.210159610577591,70.794163278312681],[21.701190722074216,70.852974222282569],[22.151564332827775,70.954913943723568],[22.464989221975088,71.024602582643126],[22.476382805821856,71.027056806426515],[22.941459305902299,71.123740138896324],[23.411114610650827,71.219256250275805],[23.644575360964211,71.265956694246086],[23.656513749609928,71.26827174974153],[23.668613972157118,71.270499139323874],[23.68086975043866,71.272637666894866],[23.689546416733776,71.27408258334458],[23.69792516731269,71.275450499840758],[23.710432750371183,71.277434889008987],[23.723078611388871,71.279327556321732],[23.735856222186953,71.281127499934257],[23.748758999728125,71.282833806135329],[23.761780193701043,71.284445555817797],[23.774913111351054,71.285961944088513],[23.788150916931329,71.287382139074509],[23.801486721634944,71.288705416821585],[23.814913582695738,71.289931110932059],[23.828424583427818,71.291058582887331],[23.842012638972164,71.292087194168744],[23.85567069414725,71.293016471732813],[23.869391611034075,71.293845888576925],[23.875718277776343,71.294193555688082],[23.961128221690103,71.298719332731082],[23.974934306173338,71.299395971846707],[23.988785193981585,71.299971805954158],[24.002673667156046,71.300446471727355],[24.016326499968045,71.300813610959437],[24.573928528378929,71.312969443984684],[24.62925355620672,71.314084972043872],[25.174727582911657,71.354207388760017],[25.54345511126445,71.380347193967907],[25.557190194272096,71.381254082909663],[25.57098683317588,71.382061028393821],[25.584837861278345,71.38276758255796],[25.598736056124153,71.383373417149528],[25.612674138600653,71.383878167043804],[25.626644861071554,71.384281611007623],[25.640640944424092,71.384583527807592],[25.65465508256608,71.38478372229099],[25.668679944224095,71.384882166578791],[25.682708222406575,71.384878722175358],[25.69673258314225,71.384773443939366],[25.710745750016429,71.384566389427391],[25.715161666777533,71.384479999652342],[26.274765111220972,71.372053721602015],[26.833602111148537,71.357976056250038],[27.391579250382165,71.342250750172013],[27.717789556442938,71.332282027893314],[27.731696222003109,71.331793639365003],[27.745564277869164,71.33120416703872],[27.759386444029246,71.330513916683969],[27.772762306335437,71.329747222156641],[28.299638666990916,71.296830832876708],[28.313301528143086,71.295904777583473],[28.317892611255047,71.295570111071811],[28.335956277859964,71.294229111284494],[28.34952227843047,71.293169000349167],[28.363009000165277,71.29201022209412],[28.376409360903324,71.290753416836765],[28.389716443958775,71.28939922219638],[28.402923277787067,71.287948361227961],[28.416023056319034,71.286401556087014],[28.429008971686756,71.284759638646449],[28.441874278075545,71.283023472255479],[28.454612333092768,71.281193916665984],[28.46721649974171,71.279271971924004],[28.479680305601676,71.27725863897507],[28.491997306130827,71.275154916965903],[28.504161138625705,71.272961916559268],[28.516165527617034,71.27068080597445],[28.528004277675336,71.268312777712595],[28.539671332765863,71.265858999992929],[28.551160694410555,71.263320805610761],[28.555627028064919,71.262300249556915],[29.006236443756904,71.157256055822359],[29.452012611392945,71.05113983333672],[29.566169639017687,71.023607694139855],[30.052520528399725,70.940072888852796],[30.381082278324527,70.882512667125923],[30.393044417166152,70.880342471727772],[30.404851888803648,70.878083833402229],[30.41649863900102,70.875737971630144],[30.427978693561897,70.873306083409091],[30.439286110665535,70.870789443977742],[30.450415139147424,70.868189360950282],[30.461360027843057,70.865507167122132],[30.470078305769221,70.863277528335345],[30.5885345001671,70.832317917238129],[30.599098889302354,70.829483943928949],[30.609463556098262,70.826572028176599],[30.613583166929686,70.825376722158069],[31.018359333316653,70.705686139004172],[31.418323361434034,70.585113527767135],[31.548801056223795,70.545275832813502],[31.558596777719174,70.542206416992599],[31.568179888690963,70.539063806249715],[31.577545556182542,70.535849611270578],[31.586689028176181,70.532565528176633],[31.595605693847745,70.529213250391251],[31.604291082667373,70.52579447223718],[31.61274083292318,70.522310971674074],[31.620950667439388,70.518764556339249],[31.628916556354056,70.515157056353132],[31.629023610751062,70.51510738859514],[31.645280721927804,70.507558722157341],[31.652989417327774,70.503890499946692],[31.660446306152153,70.500164999914887],[31.66764772186491,70.496384082759278],[31.674590056386023,70.492549750370756],[31.681269943553104,70.488663917405916],[31.687684082854219,70.484728638815682],[31.691041360870145,70.482580305936438],[31.695761333019163,70.479513777838633],[31.701758055589835,70.475506083139294],[31.707481388755127,70.471454083339324],[31.712928499650616,70.467359861268619],[31.718096833302241,70.463225556414329],[31.72298388869558,70.459053221928684],[31.727587360868085,70.454845055754788],[31.731905027595019,70.45060316680275],[31.735934888784129,70.446329722438804],[31.739675082838858,70.442026917008661],[31.743123860577782,70.437696971837852],[31.746279667073054,70.43334202821211],[31.749141083194502,70.428964389295174],[31.751706805824483,70.424566193674934],[31.753975778259587,70.420149749911104],[31.755946999554453,70.415717306308693],[31.757619666614346,70.411271056314263],[31.75899313912214,70.406813305789512],[31.760066889175619,70.402346305737467],[31.760827111282197,70.397968693800237],[31.760933110774488,70.397215527774449],[31.761412999810148,70.392736916575473],[31.761592610610535,70.388255806160601],[31.761472055590957,70.38377447181449],[31.761051555984579,70.37929516723824],[31.760331583036191,70.374820166817301],[31.759312667345796,70.370351750333043],[31.75799549959271,70.365892166989966],[31.756380971904377,70.361443639012805],[31.754470056447985,70.357008444384235],[31.752263943925925,70.352588806228482],[31.749763943751077,70.348186944072268],[31.746971443577308,70.343805082838344],[31.743888110747775,70.339445416872536],[31.740515610806824,70.335110138721973],[31.736855888988146,70.330801443631799],[31.732910888726565,70.326521471988372],[31.728682833146308,70.322272389359341],[31.724607611052477,70.318449277811965],[31.635743499762782,70.237322082648063],[31.585588972053472,70.143751055566838]]},"properties":{"FID":4,"OBJTYPE":"Territorialgrense","NAVN":"Territorialgrense 12 nautiske mil ved Fastlands-Norge"}},{"type":"Feature","id":5,"geometry":{"type":"LineString","coordinates":[[30.347090500426305,80.178731668431794],[30.350548444055505,80.182185916746732],[30.355552306094125,80.186581611352324],[30.361139611403985,80.190956917427854],[30.367308332913296,80.195309583070866],[30.374056028063308,80.199637388754525],[30.381379999787214,80.203938082576485],[30.389277221866337,80.208209471989619],[30.3977443892922,80.212449360849405],[30.406777860709781,80.216655527830426],[30.416373638632592,80.220825833445531],[30.426527527723294,80.22495811122792],[30.435599055751879,80.228441056009956],[30.500930277910072,80.252813360648133],[30.512159194091566,80.256867499935254],[30.523933471752343,80.260877443839036],[30.536247694275744,80.264841139207249],[30.549096055638529,80.268756471733866],[30.562472527685031,80.272621417044832],[30.576370721631577,80.27643400022896],[30.590783999581959,80.280192194214465],[30.605705389092464,80.283894027687268],[30.621127693788083,80.287537556313225],[30.637043361162227,80.291120916697025],[30.643147943922543,80.292451056271261],[30.717089972324402,80.308385861218596],[30.733724860813709,80.311879777729644],[30.750834416874909,80.315308943952687],[30.76841011133763,80.318671610706303],[30.786443166818742,80.321965972151929],[30.80492452804458,80.325190306087791],[30.823844888830592,80.328342917291877],[30.843194639021419,80.331422111441327],[30.862964000288457,80.334426277850525],[30.883142832775548,80.337353805833516],[30.903720860829139,80.340203194421917],[30.909002194295908,80.340913249646803],[31.078075389167907,80.363416056206063],[31.150666332785079,80.379201944214401],[31.167256527666666,80.382717916598608],[31.184327888621226,80.386169778112844],[31.201871971914045,80.389555722018997],[31.219879972282968,80.392873972156167],[31.238342917191915,80.396122806322524],[31.257251499557128,80.399300443860454],[31.276596138900743,80.402405277681453],[31.296367055994892,80.405435638643894],[31.316554138862443,80.408389889082173],[31.337147110950468,80.411266528027909],[31.358135389037045,80.414063971774908],[31.379508193848096,80.416780749931718],[31.401254443937489,80.419415444267372],[31.410549610875876,80.420503332562816],[31.639456694371006,80.446871499919837],[31.661835083322501,80.449372388624909],[31.684558221984389,80.451787639388101],[31.707614277976575,80.454115943695911],[31.730991167108755,80.456356055987271],[31.754676638815909,80.458506806244145],[31.778658250078252,80.460567028045944],[31.802923416682404,80.462535610729901],[31.827459250444122,80.464411528169535],[31.852252861380521,80.466193749741819],[31.877291083416821,80.467881360836202],[31.885799139418793,80.468429693675489],[32.442830360932476,80.503349139351371],[32.468356666626903,80.504868444123474],[32.494091417185189,80.506290721939308],[32.520020861073931,80.50761522186508],[32.546131166720045,80.508841249624027],[32.572408417114787,80.50996811093961],[32.598838527975715,80.510995250030817],[32.625407333181954,80.511922056257959],[32.652100638733543,80.512748082657936],[32.678904083356827,80.513472860684033],[32.705803305777977,80.514096000030406],[32.732783833207407,80.514617167048698],[32.759831166774973,80.515036082948939],[32.786930777933094,80.515352528296603],[32.814068111154484,80.515566333119807],[32.841228500295131,80.515677360721668],[32.868397388928429,80.51568558322316],[32.895560110910424,80.515590971845938],[32.922702110713885,80.515393583247317],[32.949808722194803,80.515093528043963],[32.976865388926626,80.514690971711047],[33.003857583260924,80.514186111200104],[33.03077074967041,80.513579249582733],[33.057590472022696,80.512870694427079],[33.084302333286132,80.512060806361205],[33.110892000065803,80.511150055730525],[33.137345221704663,80.510138944356868],[33.163647832981155,80.509027972263141],[33.189785778391013,80.507817750089146],[33.215745056389267,80.506508917252802],[33.241511805725281,80.505102221990001],[33.267072333321551,80.503598361275408],[33.29241300005998,80.501998193961526],[33.293266389232542,80.501942361350928],[33.568735582980821,80.483762639034637],[33.593738333057672,80.48204416680494],[33.618491749694556,80.480231361088499],[33.64298272167531,80.478325194052502],[33.667198305957129,80.476326666642422],[33.691125750153276,80.474236860742565],[33.714752416990507,80.472056916693418],[33.73806594438787,80.469787944258258],[33.761054110558803,80.467431222273149],[33.783704888869579,80.464987944138386],[33.806006500000024,80.462459472326827],[33.827947305823557,80.459847110855549],[33.849515972184406,80.457152250076319],[33.870701360979069,80.454376333401115],[33.89149252835756,80.451520833020084],[33.911878805662411,80.448587277780689],[33.931849777845002,80.44557722171146],[33.951395250190672,80.442492222438148],[33.97050527799621,80.439333971585597],[33.989170222327971,80.43610408343676],[33.995553693847967,80.434964638807116],[34.31582336085944,80.37684297212553],[34.319717555720672,80.376126666612436],[34.386867693589238,80.363690471737925],[34.404554500190102,80.360332221554813],[34.421773555904906,80.356907333406753],[34.438516249725183,80.353417582555437],[34.454774306089405,80.349864833295499],[34.470539749809632,80.346250943626217],[34.485804833226496,80.342577805721191],[34.500562166610734,80.338847361216779],[34.514804556285299,80.335061528366907],[34.528525222261237,80.331222306364396],[34.541717556320236,80.327331722281201],[34.554375361234008,80.323391778008215],[34.566492667302782,80.31940452759693],[34.578063833079511,80.31537205567588],[34.589083556161256,80.311296444175639],[34.599546777861576,80.307179832583245],[34.609448777639045,80.303024333406313],[34.61878516680207,80.298832111312947],[34.627551860629922,80.294605305790299],[34.63574502801066,80.290346139063104],[34.643361221842952,80.286056777598276],[34.6503972783118,80.281739443620495],[34.656850333076477,80.277396361153194],[34.662717860840644,80.273029777602233],[34.667997610601276,80.268641889111962],[34.672687693782109,80.264234971866529],[34.676786499697243,80.25981124988931],[34.680292721631872,80.255373056021767],[34.683205389217392,80.250922555831323],[34.685523806378626,80.246462110937728],[34.687247610688758,80.241993916586011],[34.688376722108103,80.237520305617693],[34.68891138884959,80.233043500257395],[34.688852166694176,80.228565777588642],[34.688199861434498,80.224089417392747],[34.686955610712914,80.21961666707557],[34.68512088941759,80.215149833398129],[34.682697361294231,80.210691082827282],[34.67968708309246,80.206242722123989],[34.676092332794951,80.201806971714404],[34.67559386106791,80.201244389117335],[34.636748166894449,80.157626110656565],[34.632533778311256,80.153206750391291],[34.627743221972196,80.148804667001855],[34.622379639209043,80.144422027854375],[34.616446471727329,80.140061056072909],[34.60994744361966,80.135723944204699],[34.602886500211866,80.13141280565651],[34.595267916880914,80.12712983297547],[34.587096166854678,80.122877138669082],[34.57837605611013,80.118656833446153],[34.574712806251057,80.1169678886572],[34.5498684996316,80.105654360660253],[34.540408888959121,80.101482305863783],[34.532524943571332,80.098199694060668],[34.455859805785451,80.066951833160601],[34.445507888678151,80.062845832669097],[34.434632083204121,80.058780721653022],[34.423238332982748,80.054758500204684],[34.411332917080529,80.050781138738614],[34.398922278240605,80.046850611266734],[34.386013083137357,80.04296886122404],[34.372612306013139,80.039137778086058],[34.361982167443102,80.036228667319222],[34.357316749968106,80.034975389202884],[34.343067583002608,80.031238305903173],[34.328347083151414,80.027557028234298],[34.313163027751557,80.023933361135789],[34.29752324989812,80.020369082567186],[34.281435917233864,80.016865888649875],[34.264909333199228,80.013425527666016],[34.247951972105852,80.010049666958594],[34.230572527700019,80.0067399441931],[34.212779833122852,80.003497999732986],[34.194582972426304,80.00032536062696],[34.175991110601331,79.997223582702247],[34.157013639268087,79.994194193906992],[34.137660083146386,79.991238638552375],[34.117940166605479,79.988358333070664],[34.097863667074648,79.985554693894073],[34.077440638974338,79.98282908259614],[34.056681167302088,79.980182805891843],[34.035595555590476,79.977617139019799],[34.014194193707112,79.975133332937048],[33.992487638793534,79.972732527983851],[33.970486528030904,79.970415972419232],[33.948201666773571,79.968184694168372],[33.925643917033199,79.96603980569256],[33.902824278417768,79.963982360997193],[33.879753889030781,79.962013278290215],[33.856443972411455,79.960133582798676],[33.832905778179168,79.958344110892085],[33.809150722328013,79.956645778080258],[33.785190333267337,79.955039332599199],[33.765943583329772,79.953824693854585],[32.803265861230557,79.892983917074162],[32.079408639297299,79.844893667109091],[32.055612943982226,79.843332027651002],[32.031631055728667,79.841863471621991],[32.007474500248065,79.840488694197916],[31.983154888687238,79.839208332998226],[31.958683971588073,79.83802302834016],[31.934073443734519,79.836933333306717],[31.909335111426287,79.835939749719728],[31.884480861002999,79.835042777602155],[31.859522583300645,79.834242861219138],[31.834472222215311,79.833540333319775],[31.809341750421481,79.832935583310586],[31.784143166673857,79.832428861203027],[31.758888556062061,79.832020417008721],[31.733589917340851,79.831710444081807],[31.708259332901946,79.83149911059553],[31.682908943592906,79.831386500186909],[31.657550777846154,79.831372693794833],[31.632196999891676,79.831457639258701],[31.606859666940124,79.831641360860147],[31.581550861383221,79.831923721902285],[31.556282694390859,79.83230461086913],[31.531067222274544,79.832783832607845],[31.505916471667888,79.833361166784471],[31.480842471902633,79.834036360689538],[31.455857221733424,79.834809056392885],[31.430972638976186,79.835678888769735],[31.406200666627512,79.836645472010957],[31.381553166745277,79.837708306093532],[31.357041971709691,79.838866917074597],[31.332678832961847,79.840120722193603],[31.308475444386318,79.841469138689831],[31.284443499867677,79.842911500165656],[31.260594499936246,79.844447167203043],[31.236940027860044,79.846075333110207],[31.213491471754082,79.84779527842943],[31.190260166673397,79.849606138912236],[31.167257417096152,79.851507055706122],[31.144494333246939,79.853497139381545],[31.121982000169226,79.855575388993088],[31.099731416571672,79.857740861151854],[31.077753416586972,79.859992472174895],[31.056058749811484,79.862329139278415],[31.034658083104091,79.864749777879979],[31.013561943928607,79.867253193680028],[30.992780667294028,79.869838167197713],[30.972324555833609,79.872503471757852],[30.952203750302886,79.8752478060415],[30.93242825026357,79.878069860635605],[30.913007861024028,79.880968249685054],[30.901966693608074,79.882674972272184],[30.748230972181659,79.906653193989769],[30.729300610934501,79.909660361436579],[30.710749805858882,79.91274036137861],[30.692587944078412,79.915891693746744],[30.674824194181269,79.919112833290683],[30.657467555683183,79.922402193606388],[30.640526860826014,79.925758221564706],[30.624010806053889,79.929179249822596],[30.607927806323232,79.932663638915869],[30.592286221731797,79.936209638763899],[30.577094111104373,79.939815582922847],[30.562359389374365,79.943479638574502],[30.548089750241843,79.947200082617769],[30.534292721931649,79.950975028274968],[30.527642777692108,79.95286255596227],[30.437550055790496,79.978672471857124],[30.424405360618948,79.982521944332348],[30.411751832880839,79.986421417314602],[30.399596249867102,79.990368943771784],[30.38794519371578,79.994362638724851],[30.376805000150682,79.998400472403944],[30.36618177826648,80.002480499575427],[30.356081388944972,80.006600667087184],[30.346509499713704,80.010758972148892],[30.337471500209631,80.014953332830089],[30.328972528259612,80.019181694179906],[30.321017471678999,80.023441916711135],[30.31361099974788,80.027731916694677],[30.30675750025847,80.032049556441962],[30.300461083112566,80.036392666788174],[30.294725610898297,80.040759110944293],[30.289554722272669,80.045146666685355],[30.284951694365247,80.049553193625059],[30.280919583072375,80.053976417377839],[30.27746122215774,80.058414166980299],[30.276299000398581,80.06010230597667],[30.274188750210726,80.063281832990242],[30.271524139027861,80.067735943958724],[30.269438889093522,80.072199249595769],[30.267934861105005,80.076669499797617],[30.26701358301051,80.0811444435613],[30.26667625000897,80.08562183258158],[30.266821916798051,80.089144278285858],[30.267554027896097,80.097028861292983],[30.268263138832822,80.101504943598343],[30.269558639219895,80.105977166912794],[30.271440610895525,80.110443249656328],[30.273908917162828,80.114900888665147],[30.273960583214375,80.114984000411368],[30.284984694088394,80.132658111282865],[30.288060138964283,80.137104721905473],[30.291721638742672,80.141538332827849],[30.295968167297133,80.14595666696664],[30.300798333376463,80.150357443641155],[30.306210388698503,80.154738444223881],[30.312202361050197,80.159097416812415],[30.31877191669065,80.163432111302939],[30.325916471867743,80.167740277591804],[30.333633083100381,80.172019750111417],[30.34191847235968,80.176268305737779],[30.347090500426305,80.178731668431794]]},"properties":{"FID":5,"OBJTYPE":"Territorialgrense","NAVN":"Territorialgrense 12 nautiske mil ved Kvitøya, Svalbard"}},{"type":"Feature","id":6,"geometry":{"type":"LineString","coordinates":[[27.814199778297166,78.560805361178552],[27.777362806248561,78.55010605574995],[27.764439944148137,78.54643619407517],[27.751112943807357,78.54282441691339],[27.737388667053381,78.53927247164728],[27.723274194248688,78.535782111055653],[27.708776833284276,78.532355027662447],[27.693904027848646,78.528992916689788],[27.678663306166698,78.525697443682134],[27.663062471655792,78.522470167164556],[27.647109443745876,78.519312722104473],[27.630812249785549,78.516226611269133],[27.614179167134921,78.513213360808038],[27.597218500133749,78.510274416830953],[27.579938750073325,78.507411193971507],[27.562348582820903,78.50462513923884],[27.54445677755831,78.5019175827303],[27.526272167426612,78.499289832959505],[27.507803832880654,78.496743166963654],[27.489060917327549,78.494278806022123],[27.470052638818288,78.491898000192634],[27.450788361094055,78.489601833158133],[27.443337250413833,78.488744250446871],[27.251828916671229,78.46681408270382],[27.232298722008466,78.464624083334854],[27.212534306113412,78.462521139239243],[27.192545360979693,78.460506333200783],[27.172341638855585,78.458580639185186],[27.15193299990807,78.456744943924093],[27.150963528044429,78.456660416644979],[27.145530083246797,78.456187332779223],[27.124919166986047,78.454446499806181],[27.104123750310862,78.452797416567591],[27.083153972178138,78.451240943714652],[27.062020000322832,78.44977780610094],[27.04073205643931,78.448408694405771],[27.01930044406032,78.447134277724786],[26.997735582731025,78.445955166697615],[26.976047861419715,78.444871944085037],[26.954247777912656,78.443885138688245],[26.932345805714419,78.442995193873173],[26.910352528046758,78.442202555703432],[26.888278556010619,78.441507583008615],[26.86613452768637,78.440910666993716],[26.843931055973485,78.44041202799275],[26.821678860790826,78.440011971775107],[26.799388610795802,78.43971063863512],[26.799301861291895,78.439709638589022],[26.795429555929331,78.43966594412808],[26.773112082556622,78.439463583177883],[26.750778028383365,78.4393602222965],[26.728438139408638,78.439355860584556],[26.706103139148581,78.439450555598739],[26.683783778098928,78.439644249782361],[26.661490777977065,78.439936806438538],[26.639234861399757,78.440328139232292],[26.617026722205537,78.440818027829778],[26.594877056031351,78.441406250098396],[26.572796527937442,78.442092528147725],[26.550795749923964,78.44287652832918],[26.528885360970662,78.44375786123635],[26.507075860662496,78.444736111382497],[26.485377860999563,78.445810805724136],[26.463801750050777,78.446981417258655],[26.44235800042145,78.448247417184632],[26.42105700018044,78.449608166983353],[26.399909027679541,78.451063000257307],[26.378924361270322,78.452611221830466],[26.358113166889211,78.454252111345909],[26.337485555613966,78.455984861212414],[26.317051582764407,78.457808638657809],[26.296821221821972,78.45972255605119],[26.276804305973997,78.461725667305757],[26.272192667057993,78.462202971689862],[26.268409471919654,78.462596943993844],[26.248667638900486,78.464708389380746],[26.229160972301088,78.466906833383689],[26.209899028317579,78.469191221997335],[26.190891305589332,78.471560416679949],[26.172147139079243,78.474013305869448],[26.153675806193576,78.476548694366784],[26.135486417064556,78.479165333013782],[26.117588027865224,78.481861943873696],[26.099989528394076,78.484637277788181],[26.082699667255895,78.487489917425819],[26.065727111217257,78.490418500313581],[26.049080332791164,78.493421610918688],[26.032767693874007,78.49649777795014],[26.016797471825896,78.499645471661267],[26.001177667015781,78.502863221660391],[25.985916250134892,78.506149417261838],[25.971020943661699,78.509502417202839],[25.956499389135558,78.512920666555601],[25.942358999668159,78.516402417037966],[25.928607056170733,78.519946000407629],[25.915250666884845,78.523549638704935],[25.910523888666603,78.524866027645089],[25.805895638572906,78.554158889221412],[25.793023222144029,78.557836916740371],[25.780562944324458,78.561570944143796],[25.768521278434321,78.565359138613417],[25.756904610559388,78.569199638552561],[25.749367111003437,78.571799388830811],[25.60327663870595,78.622801943954585],[25.592285166926956,78.626720111144266],[25.581735971837702,78.630685667209832],[25.57163469398597,78.634696666917705],[25.56198677786756,78.638751138953978],[25.552797527683822,78.642847056246694],[25.544072000322615,78.646982416905075],[25.53581494420439,78.651155138998547],[25.531613138935256,78.653390417433855],[25.408614888866055,78.719622638873716],[25.400995417004935,78.723845444211918],[25.393858083383918,78.728100555895992],[25.387206971824355,78.732385805660442],[25.381045999773107,78.736699110675488],[25.375378750129244,78.741038278393887],[25.37020861063894,78.745401138751618],[25.365538778391965,78.74978555585875],[25.363484943575315,78.751887472029296],[25.353672582823492,78.762219889136645],[25.349739971622455,78.766631944208939],[25.346314861341853,78.771060082756662],[25.343399583024393,78.775502082555136],[25.34099622219793,78.779955722278828],[25.339106528043885,78.78441872214637],[25.337732111247988,78.788888888711313],[25.337258528258531,78.791022471809697],[25.335529139158496,78.799912361066674],[25.33491683304544,78.804388917314725],[25.334822943823838,78.808866999712336],[25.335248138790632,78.813344360853648],[25.336192833432563,78.817818721856611],[25.337657111386648,78.822287832617462],[25.339640889015868,78.826749416952111],[25.342143777813135,78.831201194179812],[25.345165082602534,78.835640916894874],[25.348703888773514,78.84006627833611],[25.352759000227707,78.844475083258544],[25.3573289438757,78.848865027599004],[25.362411972334712,78.853233917011721],[25.368006082814532,78.8575794438363],[25.374109027909356,78.861899444303958],[25.380718222068367,78.866191694391262],[25.387830861205316,78.870453943994391],[25.38864130595158,78.870919416897607],[25.39428955561857,78.874149055934254],[25.401961500223081,78.878375361433825],[25.41013019435303,78.882567055625202],[25.41879197237165,78.886721999920439],[25.427942888953226,78.890838055731763],[25.437578749659622,78.894913082672701],[25.447695110940685,78.898944971833032],[25.458287249556975,78.902931667362623],[25.469350167076584,78.906871055854594],[25.480878582680475,78.910761111136424],[25.492867056369619,78.914599806136209],[25.505309777624177,78.918385166842029],[25.518200721885876,78.922115194061007],[25.531533638866392,78.925787972237174],[25.545301971608751,78.929401556136952],[25.556771528383365,78.932284555987508],[25.56433533310917,78.934149249888037],[25.578879305935288,78.937650583107995],[25.593839056027662,78.941087499688422],[25.609207193657085,78.944458166810989],[25.62497597206351,78.947760889253686],[25.63687611074397,78.950155721809153],[25.775303360961402,78.977447388586199],[25.791829361335999,78.980620305582704],[25.808733889057805,78.983720389184668],[25.826008306138476,78.986746055685956],[25.843643861275211,78.989695667421188],[25.861631555851659,78.992567693744149],[25.879962139441261,78.995360583324327],[25.898626250101415,78.99807291703155],[25.917614221918882,79.000703249655317],[25.936916249585295,79.003250138683029],[25.956522389296879,79.005712306178054],[25.976422443640899,79.008088416647183],[25.99660602814572,79.010377193952422],[26.017062666608808,79.012577471673012],[26.037781666990384,79.014688056408716],[26.058752194258432,79.016707833000169],[26.079963221825267,79.018635694381828],[26.101403638567092,79.020470693567688],[26.12306213910648,79.022211778350936],[26.144927361408634,79.023858082684399],[26.164288056348767,79.025224777901258],[26.172546694374489,79.025789694239052],[26.194771027660863,79.027255000118203],[26.215251917242256,79.028510278326735],[26.220224944225833,79.02880408324188],[26.242771527983678,79.030082305853796],[26.265468360576449,79.03126197176266],[26.288303444148653,79.032342444248457],[26.311264610873138,79.033323193610556],[26.334339666842197,79.034203638886879],[26.357516332712635,79.034983360993351],[26.362280722377477,79.035130777863174],[27.294236389297964,79.062057417016263],[27.374495638862697,79.064238361111506],[27.680082332933353,79.11572436119036],[27.698015111308393,79.11865424989378],[27.716301888921066,79.121506110718485],[27.734933249869641,79.124278500252615],[27.753899610978294,79.126969888749443],[27.773191221797504,79.12957891733322],[27.79279808276533,79.132104166873887],[27.812710055824482,79.134544306374721],[27.832916805965851,79.136898056100449],[27.853407777846712,79.13916416689284],[27.874172333386525,79.141341416573198],[27.895199582694659,79.143428693579381],[27.916478500082746,79.145424833289496],[27.937997971729089,79.147328832959317],[27.959746639196112,79.149139638583506],[27.979461139120303,79.150685416698707],[28.001360056321573,79.152351832571071],[28.023518749890457,79.15398161096266],[28.045872972259929,79.155515555798331],[28.068410861372229,79.156952833406592],[28.09112052818989,79.158292666773207],[28.11398988942193,79.15953438860123],[28.137006860877989,79.160677277634306],[28.16015916681215,79.16172075021251],[28.183434527881218,79.162664278433738],[28.206820555923969,79.163507305617713],[28.225833527994951,79.164116139448311],[29.168701138746599,79.191118416981396],[30.115983777729184,79.215250082825094],[30.239970083252786,79.218188027655401],[30.263748861420879,79.21869488915786],[30.287584417386995,79.219099721674866],[30.311464056321199,79.219402305771837],[30.335375056413795,79.219602443597978],[30.359304583439837,79.219700082992517],[30.383239888610035,79.21969513941923],[30.407168222235725,79.219587638958444],[30.431076722212993,79.219377611287769],[30.454952693711903,79.219065167023871],[30.47878333308438,79.218650500420324],[30.502555943701907,79.218133805730588],[30.526257861311308,79.21751538872428],[30.549876417162977,79.21679555607011],[30.573399027942855,79.215974693577323],[30.596813166994139,79.215053222128574],[30.620106360720001,79.2140316939076],[30.64326622185871,79.212910582857148],[30.666280471966274,79.21169055627422],[30.689136861377108,79.210372194221463],[30.711823250142913,79.208956250330743],[30.734327694367664,79.207443471938745],[30.756638222276194,79.205834638757608],[30.778743056347025,79.204130611438643],[30.800630555755617,79.202332333370521],[30.822289193891208,79.200440721861867],[30.843707582638899,79.198456805737067],[30.864874443600741,79.196381639001515],[30.885778722310249,79.194216306237593],[30.906409472219423,79.191961972067418],[30.926755943731848,79.189619805609595],[30.946807528444708,79.187191083002119],[30.966553778034495,79.184677056101293],[30.985984499585015,79.182079110762402],[31.00508963867594,79.179398556398326],[31.023859306361942,79.176636860702615],[31.042283916769406,79.173795443704819],[31.060353944279143,79.17087583335308],[31.078060194222644,79.167879527917933],[31.095393611326131,79.164808166863452],[31.100335472304266,79.163906193616015],[31.140039500122896,79.156603944116796],[31.156856693781435,79.153436028250155],[31.173281277608908,79.150196806037798],[31.189304916688627,79.146888027560465],[31.204919639429875,79.143511388939487],[31.220117583060073,79.140068694214904],[31.234891222052283,79.136561722245744],[31.242641528184038,79.134653943624642],[31.244342361111137,79.13422988899822],[31.258448667172331,79.130627694112832],[31.272112583229159,79.126965944322933],[31.285327388648113,79.123246528204788],[31.298086693745972,79.119471444051953],[31.310384250033167,79.115642638896702],[31.322214221808963,79.111762083153678],[31.333570917264069,79.107831805693309],[31.344448917083923,79.103853860567256],[31.35484316707857,79.099830278444642],[31.364748749755051,79.095763194316021],[31.374161110946545,79.091654666729539],[31.383075943799838,79.087506861252677],[31.391489194171015,79.083321888594355],[31.399397083108965,79.079101917019898],[31.406796139230494,79.074849139076548],[31.413683110587158,79.070565722130425],[31.420055083375473,79.066253861426617],[31.425909389306923,79.061915778290597],[31.431243611003879,79.057553721926809],[31.436055667435141,79.053169917257947],[31.437313693971873,79.051934333302881],[31.444732277972321,79.044516832985494],[31.448867027991014,79.040108305953595],[31.452476138662917,79.03568319362455],[31.45555838870871,79.031243693941406],[31.458112832940913,79.026792110967222],[31.460138832840926,79.02233069390644],[31.46163597202252,79.017861721641225],[31.46260413896988,79.013387472154193],[31.463043472178526,79.008910193750523],[31.46295441681292,79.004432139231881],[31.462337611391717,78.999955638741767],[31.461194028081991,78.995482889323966],[31.459524861183468,78.991016167162456],[31.457331610765266,78.986557750240024],[31.45461597204951,78.98210986078152],[31.4513799721081,78.977674721910944],[31.448533667294953,78.974268222200749],[31.447791167228615,78.973426167183902],[31.443640194339537,78.969019082664602],[31.438975694172996,78.96463094416282],[31.433800638988373,78.96026388936707],[31.42811819439919,78.955920138703505],[31.421931805708311,78.951601861336883],[31.415245110673368,78.947311194056397],[31.408062056418828,78.943050306026862],[31.400386750148471,78.93882127827942],[31.392223583251791,78.934626250301278],[31.383577166553039,78.930467277942569],[31.374452306029127,78.926346471912211],[31.364854027991043,78.922265806222015],[31.354787639338156,78.918227361003972],[31.34425861064642,78.914233083290242],[31.33327261124208,78.910285000152669],[31.321835555966175,78.906385028046657],[31.30995355571207,78.902535083427438],[31.297632917425233,78.898737055770539],[31.28488011082851,78.894992860632044],[31.271701888931091,78.891304305649271],[31.258105110862232,78.887673193962769],[31.244096832702724,78.884101333210026],[31.229684305686192,78.880590471672974],[31.214874999581639,78.877142306372377],[31.199676472291401,78.873758528033704],[31.184096528132329,78.87044080579858],[31.178928166601679,78.869372082955294],[31.006941722282704,78.833904638987974],[30.990967667324014,78.830667861132952],[30.974630916683509,78.82750066742193],[30.957939778298169,78.824404583105093],[30.940902667124419,78.821381083070605],[30.923528111433257,78.818431694367234],[30.905824860728785,78.815557833427306],[30.887801722071856,78.812760860925039],[30.869467694078878,78.810042167212316],[30.850831916559741,78.807403083285749],[30.831903611162772,78.804844861001584],[30.812692138931141,78.802368750417543],[30.79991525028862,78.800786556054788],[30.254703444308575,78.733456221927156],[29.567204806356756,78.615766499924064],[29.339984750296026,78.575979499754169],[29.322926666932176,78.573041832814397],[29.305547971661611,78.570179916669872],[29.287857360928513,78.567395166853544],[29.269863666974686,78.564688917059925],[29.251575805678954,78.56206250008438],[29.233002861093212,78.559517166883779],[29.21415400000717,78.55705419359623],[29.195038582564564,78.55467472236063],[29.175665971607373,78.552379943879373],[29.156045750311193,78.550170972412502],[29.136187500053154,78.54804886106615],[29.116100944303184,78.546014610785733],[29.095795944127588,78.544069250395637],[29.075282389370841,78.542213693607152],[29.054570305675099,78.540448833446987],[29.033669750158879,78.538775527868381],[29.012590860879584,78.537194611442203],[28.991343917088159,78.535706806324129],[28.969939194438325,78.534312832871024],[28.948387055818046,78.533013388956817],[28.926697944154853,78.531809083422502],[28.904882332953377,78.530700527807141],[28.882950721798409,78.529688194254845],[28.860913749669862,78.528772610667488],[28.838782027668515,78.527954222209644],[28.816566166895143,78.527233388610057],[28.794276916946217,78.526610500174513],[28.771925000438443,78.526085806015203],[28.749521139089325,78.525659611002311],[28.727076111273561,78.52533211118805],[28.704600722345504,78.52510341718903],[28.68210574978059,78.52497369358116],[28.659602027711458,78.524942971840744],[28.637100360593195,78.525011250169143],[28.614611555578904,78.525178556445269],[28.592146417123502,78.525444750374959],[28.569715749682132,78.525809750119947],[28.547330306448544,78.526273361426547],[28.525000917058719,78.526835333383985],[28.502738250170182,78.527495416880015],[28.480553083258258,78.528253333124894],[28.458456028323099,78.529108638752746],[28.436457806182887,78.530061000115097],[28.414569000059373,78.531109917188985],[28.392800139215126,78.532254889051956],[28.371161778093608,78.533495360822315],[28.349664361421219,78.534830749739342],[28.328318306045048,78.536260389405527],[28.307133917296483,78.537783638604083],[28.286121499607589,78.539399722119526],[28.265291278269899,78.541107861138926],[28.244653332885036,78.542907221990731],[28.224217778128036,78.54479697190277],[28.20399450024604,78.546776193566529],[28.183993443942313,78.548843888734552],[28.164224389344156,78.550999111319982],[28.144696999666849,78.553240777639814],[28.125420860784175,78.55556780580963],[28.106405500113794,78.55797911124705],[28.101571888731712,78.558610944339648],[27.97273141692142,78.575503943652109],[27.816329443948746,78.56142569374083],[27.814199778297166,78.560805361178552]]},"properties":{"FID":6,"OBJTYPE":"Territorialgrense","NAVN":"Territorialgrense 12 nautiske mil ved Kong Karls Land, Svalb"}},{"type":"Feature","id":7,"geometry":{"type":"LineString","coordinates":[[-7.4613692224116335,71.280691221722577],[-7.4546740000050704,71.277851499946848],[-7.4383429168920543,71.270586250355223],[-7.4230574998037469,71.263091027928624],[-7.4088480001350376,71.255381333381877],[-7.3957423058626546,71.247473000178843],[-7.3930834170660091,71.245756250150862],[-7.3759275279330154,71.234536082574209],[-7.3642098886753615,71.226407360611233],[-7.3536488890849228,71.218116499876601],[-7.3442646389019046,71.209680528133902],[-7.3360748062073071,71.201116667400356],[-7.3290945562687284,71.192442388805262],[-7.3233364724002286,71.183675444066523],[-7.3188106386999721,71.174833666740369],[-7.3155246112717691,71.165935027979231],[-7.3134833606684992,71.156997611350732],[-7.3126893060666021,71.148039556180606],[-7.3131423332520171,71.139079027874914],[-7.3148398611705829,71.130134138779511],[-7.3177767501967992,71.121222943683961],[-7.3219453605898934,71.112363472196535],[-7.3273356388286288,71.103573528195852],[-7.3324871110912682,71.096643527876552],[-7.3508816670552619,71.073672582823519],[-7.3784238885515947,70.998704832661929],[-7.3822924716202465,70.989832082684529],[-7.3873775280504219,70.981024888787658],[-7.3936671670061287,70.972300972112237],[-7.4011471935880877,70.963677889223277],[-7.409801027895071,70.955172943976265],[-7.4196098057478821,70.946803221691368],[-7.4305524722187783,70.938585417383138],[-7.4426057222761983,70.930536028215158],[-7.4557441392805686,70.922671110683268],[-7.4593034167192513,70.920675611290505],[-7.4632837504447025,70.918472944071141],[-7.477744639403511,70.910861971702673],[-7.4932257219894041,70.903470278330758],[-7.5096950830616152,70.896312583159215],[-7.5271189171043034,70.889403110764988],[-7.5454616667224741,70.882755583003814],[-7.5646860280377268,70.876383193829383],[-7.5648580557545984,70.876328667034386],[-7.5733964171109278,70.873623222134029],[-7.5934653326589228,70.867540250082527],[-7.5959027220329745,70.866837527929647],[-7.6067730560316704,70.863719472275875],[-7.6277298614439246,70.857971528263477],[-7.6494415559830031,70.852536167010555],[-7.6715911394194904,70.847483611179769],[-7.7090611667393887,70.839324222335051],[-7.7321245827832286,70.834536861287177],[-7.7558094717296626,70.830092167119858],[-7.780068749573104,70.825998860559025],[-7.8048542504232614,70.822265028308493],[-7.8301169171619449,70.818897999842875],[-7.8558067501813298,70.815904443635247],[-7.8589015277832459,70.815572110864309],[-7.979884499669879,70.802649639069671],[-8.1528546674089171,70.782307749603035],[-8.2827953059585298,70.762452556140602],[-8.2975503613600381,70.754926528336682],[-8.3133055564062488,70.747625694370356],[-8.3300285002150645,70.740564555809669],[-8.3368170560622161,70.737874194338644],[-8.3536588605679185,70.731313639113239],[-8.3716587778303051,70.724607417098696],[-8.3905416665646158,70.718173527786121],[-8.4102692219469759,70.712024693884587],[-8.4308016390843363,70.70617311110027],[-8.45209761121572,70.700630360902494],[-8.474114389067779,70.695407416818909],[-8.4843358334319419,70.693144583156027],[-8.6099086392722484,70.665869055612461],[-8.6328337503772445,70.661113555746056],[-8.6563707224308359,70.656701583411404],[-8.6804727502171772,70.652641833254052],[-8.7050920563532941,70.648942305642947],[-8.7185047216155453,70.647107471932316],[-8.7687831669095999,70.640452388966651],[-8.7940857779362318,70.63731347173939],[-8.819781111209295,70.63455174996335],[-8.8458184719448809,70.632172639355872],[-8.8721464719820347,70.630180861357701],[-8.8987133328539585,70.628580306436049],[-8.9254667221114801,70.62737411142615],[-8.952354083374189,70.626564638847071],[-8.9793225562908674,70.626153528162831],[-9.0063191114377901,70.626141556387779],[-9.0332907499681028,70.626528749602187],[-9.0580026673891325,70.627235639213438],[-9.126471917345043,70.629650583307807],[-9.1532545561527741,70.630790805851063],[-9.1798593333415397,70.6323258613495],[-9.2062339443410224,70.634252721785742],[-9.2323264443099333,70.636567583027613],[-9.2580854441878273,70.639265916988506],[-9.2834600558368834,70.642342388890199],[-9.3084001942135615,70.645790972375551],[-9.3328565000273898,70.649604832596992],[-9.3567804998201609,70.653776499785693],[-9.3801246671196736,70.658297721762494],[-9.4028425564387703,70.66315955566904],[-9.4248888608321977,70.668352444409834],[-9.4462194721508581,70.673866139310917],[-9.4667916114436821,70.679689666844695],[-9.4865638892120501,70.685811583138104],[-9.5054963890470958,70.692219694283494],[-9.5235508061247742,70.6989013333299],[-9.5406903608713947,70.705843249666316],[-9.5568800561696321,70.713031610820224],[-9.5720866944453178,70.720452139154929],[-9.5862788605809328,70.728090083090933],[-9.599427110772524,70.735930193723505],[-9.611503943751984,70.743956860620699],[-9.6224840004362022,70.752154000306916],[-9.6323438885595465,70.760505278395954],[-9.6410625001342396,70.768993917135617],[-9.6486208612636801,70.777602916641342],[-9.6550023057117755,70.786314972158323],[-9.6601924722047556,70.795112610758451],[-9.6626535829964268,70.800250971804985],[-9.6784020277313516,70.836098582583588],[-9.6816988892922495,70.844994972140285],[-9.6837761109786697,70.853931000215539],[-9.6846279173444714,70.862888666878519],[-9.6845740560477793,70.867791082692349],[-9.6845348330160732,70.868599583104356],[-9.6834850561903636,70.877554971784605],[-9.6812060563144087,70.886485778396036],[-9.6777008326272949,70.895373888793983],[-9.6729748611008972,70.904201222108782],[-9.6670361394062638,70.912949833268272],[-9.6598951392492154,70.92160191659525],[-9.6517710281104314,70.9299436106092],[-9.64329283319762,70.938022916624334],[-9.6338083328881794,70.94643194377926],[-9.6231672216898687,70.954692472179886],[-9.6113897784155142,70.962787582880708],[-9.6081924439261002,70.964832777910431],[-9.6021015002839363,70.968672777826498],[-9.5889242496543261,70.976536194389894],[-9.5746652782798947,70.984197194245155],[-9.5593526935718955,70.991640056343556],[-9.5430168062805478,70.998849443646975],[-9.5256901943469643,71.005810528133395],[-9.5164685829586801,71.009265750414102],[-9.5111273609389286,71.011220471847366],[-9.4923668609418428,71.017778749989361],[-9.4860418894215854,71.019860249750764],[-9.3771258058112608,71.055080417027682],[-9.359087888595127,71.060663444262616],[-9.3503352502715416,71.063262693618469],[-9.3331576389138604,71.070277360611783],[-9.3150132221824151,71.077032333075749],[-9.2959385278407467,71.083513611264209],[-9.2759720558656227,71.08970788880805],[-9.2551542784471508,71.095602249644173],[-9.233527583331238,71.101184582602457],[-9.2111361110426628,71.106443249556378],[-9.1880257216097334,71.111367360615247],[-9.1849031387687887,71.111995972336331],[-9.0033706670226366,71.148138971736216],[-8.9794173061637252,71.152648582566087],[-8.9687673330459461,71.154505750040414],[-8.9563988885977892,71.162526638793395],[-8.9436734438742747,71.169940083168342],[-8.9134132499215184,71.186692638954185],[-8.89887608316468,71.194328888567384],[-8.8832773063026025,71.201745138827164],[-8.8666478614096036,71.208926166909123],[-8.8499802780673349,71.215496083177754],[-8.786074722370472,71.239566971938245],[-8.780051583114016,71.242140999807361],[-8.7627954168749511,71.249175721682263],[-8.7445605832043043,71.25595186058996],[-8.7253837222809238,71.262455416784121],[-8.7053035283350937,71.268672972379818],[-8.6843607217698491,71.274591667071832],[-8.673840000115888,71.277367805879578],[-8.6713216106037976,71.278017388891442],[-8.6491732223663007,71.283468527850346],[-8.6262716114456452,71.288591443940049],[-8.602663693674458,71.293375527858359],[-8.578398027946605,71.29781083310354],[-8.5776932220645108,71.297932749696713],[-8.4531577779090981,71.319374610749719],[-8.4418021112783777,71.321275333290032],[-8.3507775829190791,71.3360929437344],[-8.3255365556674406,71.339964082676318],[-8.2997677783602626,71.343464278253919],[-8.2820390282784615,71.345620832735278],[-8.2783163062524636,71.34605275013439],[-8.2517815277952309,71.348914222013775],[-8.2248643063426243,71.351386971831346],[-8.218634360787064,71.351899444204037],[-8.2154268612605961,71.352157528047542],[-8.1881155002300829,71.354144888575831],[-8.1605475833042647,71.355733166852247],[-8.1327805825578139,71.356919056069614],[-8.1048723891494205,71.357700083092425],[-8.0999232778369787,71.357796000285248],[-8.0028197497316,71.359527444336152],[-7.9748160276375302,71.359815555643422],[-7.9468001673937465,71.35969636129812],[-7.9188306393224934,71.359170055553705],[-7.8912227502297014,71.358248249557107],[-7.8852943608460464,71.35800691738541],[-7.8575914170102124,71.356673444024295],[-7.8518577218563337,71.356345749956461],[-7.8413504441676309,71.355728472391149],[-7.8139225283019869,71.353909194253959],[-7.7867841113975942,71.351693166706355],[-7.7599916672815539,71.349084943915102],[-7.7336009170486477,71.346090027932519],[-7.7076666114249406,71.342714610590861],[-7.6822425280701623,71.338965749769613],[-7.6573812782233404,71.334851221906433],[-7.633134167307901,71.330379611030253],[-7.609551194032349,71.325560222426361],[-7.5866808327541548,71.320403027777559],[-7.5645699165683595,71.31491874970061],[-7.5432636939642634,71.309118778109166],[-7.5228055275530323,71.303015082979755],[-7.5032370001873687,71.296620360940949],[-7.4845976388699,71.289947832926202],[-7.4669249723095845,71.283011221690572],[-7.4613692224116335,71.280691221722577]]},"properties":{"FID":7,"OBJTYPE":"Territorialgrense","NAVN":"Territorialgrense 12 nautiske mil ved Jan Mayen"}}]}